????;??????? ???? (???? ????????);;;;;;;;;;;;;;;;;;;;;;;;;;;;;;;;;;;;;;;
;AXA;Accor;Air Liquide;Airbus;ArcelorMittal;BNP Paribas;Bouygues;Bureau Veritas;Capgemini;Carrefour;Compagnie De St-Gobain;Credit Agricole SA;Danone;Dassault Systemes;ESSILORLUXOTTICA;Edenred;Engie;Eurofins Scientific;Hermes International;Kering;L'Oreal;LVMH Moet Hennessy Louis Vuitton;Legrand;Michelin;Orange;Pernod Ricard;Publicis Groupe;Renault;Safran S.A.;Sanofi;STMicroelectronics;Schneider Electric;Societe Generale;Stellantis;Teleperformance;Thales;TotalEnergies;Unibail-Rodamco-Westfield N.V.;VINCI SA;Veolia Environnement
29.12.2023;29,49;34,60;176,12;139,78;25,68;62,59;34,12;22,87;188,75;16,57;66,66;12,85;58,68;44,24;181,60;54,14;15,92;58,98;1 918,80;399,00;450,65;733,60;94,10;32,46;10,30;159,75;84,00;36,91;159,46;89,76;45,25;181,78;24,03;21,15;132,05;133,95;61,60;66,92;113,70;28,56
28.12.2023;29,43;34,56;176,20;139,68;25,90;62,45;34,22;22,85;189,80;16,57;66,39;12,86;58,51;44,26;180,96;54,06;15,96;59,16;1 910,80;398,25;451,30;731,00;94,20;32,36;10,31;160,30;84,00;37,15;159,62;89,26;45,51;181,36;24,04;21,18;134,10;134,10;61,41;67,26;113,56;28,65
27.12.2023;29,58;34,69;176,82;139,42;25,96;62,99;34,32;22,76;191,10;16,62;66,70;12,91;58,41;44,78;181,20;54,44;16,17;58,92;1 929,60;402,80;448,70;735,40;94,62;32,35;10,38;161,30;84,50;37,49;159,96;89,17;45,67;181,90;24,31;21,24;133,10;134,30;62,47;67,70;114,44;28,72
22.12.2023;29,64;34,74;177,36;139,44;26,09;63,01;34,30;22,60;188,45;16,62;66,63;12,85;58,32;44,64;181,74;54,50;16,16;59,06;1 941,20;397,80;447,55;737,70;94,60;32,41;10,47;160,80;84,46;37,69;159,84;89,34;45,52;180,96;24,08;21,21;133,35;134,40;62,30;67,16;114,38;29,06
21.12.2023;29,53;34,68;176,74;138,52;25,95;62,88;34,39;22,56;189,10;16,56;66,11;12,80;58,30;44,68;181,26;54,88;16,24;58,92;1 992,20;401,65;448,20;743,40;95,16;32,52;10,45;160,80;84,32;38,07;159,34;88,96;45,53;180,44;24,04;21,23;136,05;134,95;62,00;67,76;113,64;29,08
20.12.2023;29,38;34,68;177,46;137,88;26,20;62,86;34,37;22,54;190,05;16,71;66,37;12,87;58,12;44,73;181,74;55,06;16,22;59,24;1 999,00;406,45;449,25;746,90;94,86;32,45;10,46;161,65;84,42;38,56;158,12;89,17;45,84;181,02;24,05;21,22;130,85;133,85;62,15;68,64;113,62;29,27
19.12.2023;29,33;34,80;176,52;139,88;26,18;62,29;34,21;22,34;191,00;16,54;65,62;12,78;57,88;44,39;183,18;54,20;16,05;58,60;1 996,60;405,95;450,75;745,50;94,50;32,16;10,38;162,10;83,46;39,17;160,20;88,93;45,82;180,44;23,97;21,29;129,00;134,80;61,99;67,86;113,30;29,28
18.12.2023;29,11;34,58;175,98;139,18;26,28;62,39;34,45;22,16;192,45;16,23;65,02;12,83;58,27;44,19;183,76;53,80;16,09;57,08;1 996,80;407,35;447,45;741,80;96,18;32,17;10,45;162,05;82,88;39,21;160,76;88,61;45,51;181,02;24,19;21,50;124,60;135,30;62,35;66,80;112,96;29,04
15.12.2023;29,17;34,65;175,98;139,52;24,96;63,09;35,50;22,28;195,90;16,29;66,61;12,93;57,98;44,29;185,24;53,90;16,21;58,00;2 023,50;417,85;446,55;748,40;96,90;32,26;10,56;163,05;83,40;39,28;160,16;87,70;46,82;181,14;24,43;21,53;122,65;134,90;61,63;66,50;115,58;29,73
14.12.2023;29,26;34,95;175,10;140,06;24,73;62,88;35,69;22,54;193,15;16,31;66,10;12,90;58,20;43,82;185,08;53,84;16,27;57,70;2 017,00;427,05;443,55;746,80;96,50;32,04;10,67;162,65;82,06;39,05;160,78;88,02;45,60;179,00;24,49;21,25;121,90;134,55;61,41;66,32;116,02;29,90
13.12.2023;29,76;34,61;179,04;142,30;23,99;60,31;35,82;21,96;191,90;16,12;62,57;12,60;59,31;44,42;185,42;53,22;16,16;54,40;2 027,00;409,00;445,45;734,50;94,46;31,72;10,80;155,70;81,62;36,69;165,72;88,54;44,27;176,56;23,66;20,91;116,35;138,70;61,36;62,86;114,78;29,13
12.12.2023;30,07;35,24;178,30;142,68;23,97;60,82;35,97;21,72;193,05;17,04;63,01;12,66;59,55;44,84;183,56;53,12;15,99;54,46;2 009,50;410,45;444,70;733,60;94,80;31,88;11,16;155,95;82,40;37,62;167,48;87,87;44,54;176,96;23,71;20,98;117,60;137,45;61,31;62,64;115,40;29,17
11.12.2023;30,06;34,98;176,62;142,30;23,74;61,18;36,19;21,44;192,90;17,30;62,47;12,65;59,48;44,40;183,22;53,46;16,13;54,72;1 997,80;409,50;443,85;740,00;94,94;32,20;11,10;157,05;81,30;38,00;165,48;87,80;44,50;176,56;23,82;21,01;117,80;137,40;61,97;63,78;116,10;29,39
08.12.2023;30,00;34,81;175,32;141,82;23,57;61,85;36,01;21,65;192,15;17,19;61,86;12,61;59,22;44,22;182,70;53,20;16,23;55,00;1 982,40;413,80;441,95;739,10;93,88;31,92;11,09;159,25;79,26;37,98;164,60;86,13;44,39;174,94;24,04;21,02;118,05;138,95;61,90;63,22;115,84;29,55
07.12.2023;29,90;34,06;173,90;138,36;23,59;61,11;35,78;21,69;190,50;17,23;61,21;12,45;59,14;43,83;181,06;52,66;16,17;55,16;1 953,40;403,40;438,75;715,60;92,00;31,83;11,14;157,55;78,68;37,62;164,12;85,10;43,85;172,70;23,70;20,92;117,90;135,50;60,67;62,48;115,68;29,21
06.12.2023;29,67;33,74;173,46;138,30;23,50;60,66;35,52;22,00;190,35;17,15;61,20;12,37;58,72;43,99;180,46;52,02;16,09;54,70;1 957,20;404,30;441,40;718,60;91,60;31,60;11,13;158,30;79,10;38,02;163,98;86,13;44,55;172,60;23,57;21,04;121,00;136,20;60,65;63,56;115,68;29,49
05.12.2023;29,27;33,20;174,44;136,56;23,54;59,76;35,08;22,14;189,05;17,32;60,60;12,17;58,62;43,54;179,66;51,38;15,99;54,44;1 933,20;398,60;439,75;713,20;89,78;31,40;11,17;159,20;78,92;35,91;160,48;86,40;44,05;170,02;23,32;20,46;123,15;135,40;61,37;62,40;115,30;29,12
04.12.2023;29,05;32,86;172,28;137,02;23,48;58,47;34,81;22,04;186,90;17,22;59,54;12,13;58,79;43,13;178,06;51,34;16,05;54,46;1 917,40;400,05;436,90;698,70;88,64;31,02;11,12;158,50;78,84;36,20;161,26;86,59;43,37;168,08;23,08;20,30;123,70;136,60;61,39;61,30;113,38;28,92
01.12.2023;28,90;32,46;173,20;138,08;23,09;57,80;35,05;22,21;187,00;17,30;59,83;12,07;58,59;43,31;178,12;50,90;16,05;53,84;1 915,20;392,90;436,15;699,20;89,42;31,05;11,38;158,15;78,22;36,25;163,14;85,78;43,73;169,80;22,90;20,09;128,00;139,15;62,36;59,98;113,32;28,96
30.11.2023;28,60;31,81;173,80;136,20;22,83;57,77;34,91;22,21;188,00;17,40;59,81;12,02;58,97;42,97;175,12;50,00;15,92;53,36;1 904,20;393,70;431,05;702,70;88,42;30,81;11,30;158,55;77,58;35,99;161,02;85,46;43,46;168,62;23,08;19,91;128,55;136,95;62,26;58,38;112,30;28,91
29.11.2023;28,44;31,63;173,76;135,56;22,54;56,92;35,14;22,47;188,55;17,36;59,42;11,80;59,15;43,13;177,24;50,02;15,87;52,82;1 897,00;391,00;431,85;690,50;88,16;30,84;11,26;155,75;77,28;35,83;160,14;84,87;43,04;167,20;22,74;19,70;130,30;138,65;61,68;57,26;112,12;28,68
28.11.2023;28,48;31,66;174,36;134,56;22,49;56,48;34,94;22,49;182,60;17,40;58,51;11,75;59,05;42,82;176,58;49,83;15,92;52,62;1 911,80;394,05;430,70;684,50;88,76;30,11;11,30;158,05;75,58;35,03;161,20;85,76;41,84;166,04;22,52;18,72;128,95;138,35;63,19;55,26;111,12;28,43
27.11.2023;28,36;31,72;173,78;133,60;22,34;56,42;34,88;22,51;181,20;17,41;58,02;11,73;59,08;42,64;177,00;50,44;15,84;53,02;1 951,00;404,50;432,95;697,30;88,74;29,81;11,24;162,35;74,78;34,90;159,78;86,63;41,62;165,70;22,49;18,73;130,00;137,45;62,86;55,36;110,54;28,25
24.11.2023;28,46;31,67;173,66;134,66;22,33;57,03;34,93;22,61;182,05;17,37;58,23;11,75;59,12;42,63;178,04;50,48;15,75;53,36;1 951,20;406,45;431,45;706,90;88,92;29,90;11,17;163,95;74,76;35,08;161,02;86,38;41,82;166,28;22,69;18,79;130,85;140,55;63,14;54,04;110,48;28,22
23.11.2023;28,24;31,71;172,94;134,58;22,30;56,90;34,62;22,40;182,55;17,25;57,86;11,70;58,66;42,84;177,74;50,44;15,72;52,70;1 959,80;405,95;429,25;711,60;88,08;29,85;11,12;167,30;74,74;34,45;160,90;86,24;41,60;164,70;22,58;18,67;130,05;140,50;62,81;54,40;109,98;28,06
22.11.2023;28,24;32,27;172,84;134,00;21,89;56,58;34,69;22,41;183,20;17,18;58,25;11,73;58,55;42,78;178,92;50,42;15,59;51,78;1 974,00;403,80;429,65;712,30;88,14;29,82;11,08;168,30;74,86;34,33;160,90;84,92;41,75;165,24;22,42;18,56;131,45;140,65;61,85;54,42;109,72;27,79
21.11.2023;28,20;31,93;171,58;133,76;22,01;56,46;34,55;22,11;177,75;16,91;57,82;11,75;58,19;42,46;176,98;50,06;15,54;51,70;1 950,20;399,45;425,65;704,10;87,58;29,48;11,04;165,95;74,48;34,31;160,96;85,34;41,41;163,88;22,41;18,53;132,30;140,10;62,95;53,84;109,00;27,83
20.11.2023;28,34;31,82;170,46;133,04;21,93;56,80;34,51;22,10;179,30;16,84;57,80;11,80;57,43;42,55;176,58;50,52;15,61;51,40;1 941,60;403,20;421,75;717,70;87,32;29,73;11,03;165,65;75,10;35,54;160,70;85,42;42,20;163,30;22,62;18,89;134,70;138,35;63,00;55,50;108,96;27,87
17.11.2023;28,39;31,37;170,26;132,26;21,48;56,73;34,83;22,12;177,90;17,02;58,37;11,77;57,54;42,05;179,38;50,02;15,60;52,64;1 924,60;404,30;423,95;711,60;87,56;29,65;11,08;167,35;73,90;35,56;160,56;85,89;41,93;166,02;22,61;18,46;135,10;138,15;61,81;54,72;109,38;28,07
16.11.2023;27,98;31,03;168,90;131,46;21,74;56,09;34,64;21,96;177,75;17,01;57,35;11,66;57,40;41,66;177,88;49,65;15,52;52,44;1 923,00;399,10;421,00;706,10;86,90;29,25;10,99;166,55;72,12;35,31;159,02;84,82;41,80;164,06;22,28;18,50;133,50;136,85;60,96;53,12;108,36;27,49
15.11.2023;27,87;31,18;168,02;131,20;21,30;56,37;34,87;22,05;175,00;17,17;57,73;11,69;57,53;41,94;178,18;50,72;15,32;52,86;1 931,00;410,15;423,90;719,00;86,54;29,57;10,91;168,35;71,46;35,79;157,70;83,65;42,28;164,46;22,25;18,88;134,25;137,20;62,61;53,98;109,04;27,55
14.11.2023;28,12;30,73;169,00;131,64;20,50;56,01;34,65;22,21;172,30;17,31;56,25;11,79;58,12;41,66;179,98;50,10;15,35;52,06;1 910,40;408,10;424,60;706,90;85,82;29,39;10,95;169,55;71,76;35,00;157,14;84,59;40,15;163,98;22,03;18,68;131,95;138,05;62,54;53,62;107,62;27,53
13.11.2023;28,05;30,38;167,66;130,24;20,29;55,79;34,32;21,93;172,45;17,29;54,47;11,74;58,03;40,69;176,76;49,70;15,32;49,86;1 858,00;393,75;414,65;688,50;83,48;28,69;11,09;164,40;69,78;34,20;155,10;85,29;38,67;160,74;21,66;18,32;125,90;141,10;62,79;50,00;107,10;26,82
10.11.2023;27,73;29,96;166,60;128,48;20,96;55,61;33,97;22,06;171,85;17,11;54,23;11,71;57,37;40,49;174,90;49,42;15,30;49,67;1 845,40;393,10;414,25;687,10;83,60;28,48;11,05;164,30;70,36;34,01;153,08;85,14;38,62;160,80;21,26;17,99;125,45;138,60;62,04;50,54;106,56;27,03
09.11.2023;27,68;30,18;166,12;127,86;21,32;56,09;33,92;22,43;173,25;17,00;54,49;11,72;57,38;40,68;175,44;49,66;15,31;51,36;1 874,60;406,65;419,00;714,40;84,80;28,57;11,03;174,35;72,30;34,12;153,50;86,08;38,56;163,36;21,39;18,14;128,00;137,10;61,36;50,90;106,56;26,90
08.11.2023;27,72;29,96;163,42;130,38;21,44;56,10;33,69;22,20;171,60;17,18;53,13;11,72;56,91;40,05;174,00;49,28;15,14;50,96;1 851,00;403,25;415,45;703,50;82,24;28,34;10,97;172,20;71,70;33,87;152,38;86,13;38,30;150,90;21,42;18,32;126,95;137,40;60,78;50,32;105,66;26,23
07.11.2023;27,43;29,69;162,60;129,20;21,72;55,95;33,48;22,19;173,00;17,28;53,04;11,59;56,85;39,99;172,90;48,62;15,30;50,66;1 814,60;400,05;405,45;697,50;83,34;27,95;10,97;171,10;72,00;33,55;150,20;84,42;38,29;149,42;21,48;18,09;124,30;136,00;61,24;49,68;105,20;26,59
06.11.2023;27,83;29,57;163,44;128,42;21,70;56,81;33,43;22,20;168,75;17,08;53,33;11,67;56,84;39,92;172,66;50,80;15,14;50,76;1 812,40;398,70;403,15;697,20;82,92;28,22;11,10;172,35;72,52;34,64;150,00;84,94;38,10;149,24;21,67;18,34;119,85;136,75;62,66;50,72;105,50;26,57
03.11.2023;28,17;29,70;163,18;129,06;21,57;56,64;33,54;22,50;173,55;17,13;54,27;11,68;57,05;39,44;174,24;50,72;15,15;51,50;1 814,60;407,25;403,70;702,80;83,50;28,24;11,14;173,45;71,74;34,74;150,06;85,35;38,42;150,70;21,80;18,70;123,75;135,10;62,33;52,68;106,38;26,85
02.11.2023;28,52;30,70;165,00;129,06;20,73;55,56;33,25;22,44;171,50;17,02;53,26;11,55;57,11;39,05;175,58;51,14;15,16;49,76;1 819,20;395,80;403,25;701,10;83,24;28,29;11,20;172,05;72,00;33,88;151,86;87,20;37,72;149,48;21,62;18,35;117,05;137,45;64,59;51,00;106,18;26,56
01.11.2023;28,29;30,19;162,86;127,94;20,88;54,40;33,05;21,70;167,65;16,90;51,51;11,42;57,17;39,00;171,42;49,85;15,35;48,40;1 773,80;382,00;397,00;675,30;81,90;27,92;11,19;168,10;71,50;33,01;149,78;86,85;36,14;145,22;21,22;17,93;111,15;138,35;63,63;47,11;105,36;26,20
31.10.2023;27,96;30,07;161,68;126,28;20,25;54,29;33,21;21,49;166,50;16,58;51,40;11,38;56,15;38,82;170,64;50,24;15,00;47,83;1 759,60;383,20;396,15;674,50;81,48;28,02;11,11;167,50;71,72;33,05;147,02;85,70;35,98;144,98;21,15;17,61;108,15;139,15;63,20;46,66;104,48;25,83
30.10.2023;27,84;30,25;159,78;126,20;21,07;53,72;31,80;21,46;161,70;16,68;51,30;11,23;55,70;38,72;168,28;49,97;14,99;46,73;1 752,40;383,00;392,05;671,00;81,54;28,00;11,06;166,20;71,86;32,43;148,10;84,14;35,27;142,84;20,81;17,05;105,50;141,10;62,99;44,88;103,08;25,52
27.10.2023;27,46;29,83;160,24;124,96;21,01;54,67;31,52;21,37;160,70;16,45;51,44;11,17;55,17;37,86;168,02;49,85;14,92;46,28;1 748,80;383,50;390,55;661,40;81,22;27,75;11,01;165,00;72,38;32,45;146,66;81,44;37,54;143,06;20,73;17,32;102,45;141,05;63,00;44,64;102,00;25,59
26.10.2023;27,52;29,96;158,58;126,44;20,90;54,72;31,39;21,34;163,35;16,36;49,91;11,21;56,20;38,00;165,70;50,50;14,90;45,74;1 738,80;384,40;393,15;668,40;80,34;27,68;10,93;168,25;71,72;32,02;147,74;100,46;38,96;140,02;20,74;17,66;99,10;142,00;62,48;43,16;100,48;25,58
25.10.2023;27,59;30,09;156,74;125,04;20,77;56,18;31,27;22,62;165,05;15,62;49,91;11,26;54,87;37,77;168,58;50,94;14,85;45,74;1 776,40;393,30;399,20;679,10;81,02;27,28;10,88;169,70;72,76;32,55;148,48;101,02;37,13;139,98;20,91;17,79;108,70;142,05;62,20;42,54;100,76;25,41
24.10.2023;27,34;30,22;153,82;125,16;20,65;55,91;31,53;22,64;165,20;15,77;50,06;11,20;54,26;34,98;167,44;51,54;14,73;46,75;1 728,00;407,45;394,10;681,00;80,64;27,58;10,84;170,00;72,60;32,86;148,62;98,94;37,43;139,42;20,87;17,72;114,45;141,60;62,03;43,90;101,08;25,68
23.10.2023;27,25;29,77;152,92;122,50;20,50;56,13;31,44;22,79;164,10;15,71;50,17;11,32;53,90;34,07;165,50;51,92;14,50;47,15;1 681,20;403,50;386,85;669,40;81,40;27,85;10,76;167,20;73,20;33,00;146,66;98,31;37,82;141,92;21,05;18,02;113,40;139,30;62,30;42,93;99,90;25,20
20.10.2023;27,16;29,52;152,62;121,26;21,37;55,56;31,17;22,50;163,20;15,58;49,76;11,22;54,10;33,96;163,06;51,60;14,69;45,99;1 654,20;402,80;380,25;664,00;80,86;27,78;10,84;165,95;71,88;33,24;144,94;98,83;37,74;141,44;20,98;17,65;118,20;137,85;62,57;42,91;99,62;25,32
19.10.2023;27,88;30,20;157,04;123,90;21,25;56,71;31,47;23,28;164,40;15,82;50,24;11,38;54,08;34,85;162,14;52,56;14,87;47,48;1 680,00;410,65;386,20;670,60;83,12;28,45;10,91;166,15;74,50;33,43;148,46;98,81;38,94;145,74;21,40;18,10;118,85;138,30;63,33;43,83;100,60;25,72
18.10.2023;28,16;30,81;157,32;124,72;22,11;57,31;31,63;23,15;164,30;15,85;51,23;11,44;54,58;35,31;163,62;54,12;14,72;48,89;1 686,00;409,45;383,10;667,70;83,98;28,77;11,00;158,60;74,86;36,07;149,60;101,36;39,86;147,10;21,63;18,78;118,20;141,55;63,78;44,50;100,82;25,85
17.10.2023;28,28;31,33;159,34;127,30;22,16;57,68;32,24;23,25;164,55;15,81;53,37;11,54;54,44;35,41;164,44;55,22;14,89;50,22;1 689,00;409,50;387,40;668,40;85,58;29,18;10,94;160,15;75,32;36,96;151,96;102,94;40,66;151,90;21,80;18,88;118,55;142,25;63,18;45,61;102,76;26,24
16.10.2023;28,02;31,20;160,60;122,94;21,71;57,83;32,15;23,23;166,15;15,92;53,64;11,54;54,13;35,84;165,62;53,04;14,81;50,40;1 703,80;410,00;386,75;667,10;85,62;29,35;10,93;159,20;75,14;36,51;150,46;103,88;41,27;152,16;21,95;18,69;118,75;143,20;63,06;45,93;102,38;26,10
13.10.2023;28,01;30,93;161,36;121,96;22,16;57,64;32,20;23,27;165,70;15,78;53,21;11,40;54,00;35,91;164,10;54,00;14,78;49,65;1 705,80;406,80;384,65;660,60;85,62;29,03;11,04;157,10;75,34;36,25;149,08;103,38;41,16;153,12;21,81;18,82;117,40;144,40;63,17;44,95;102,92;26,30
12.10.2023;28,36;31,65;163,58;125,76;23,11;59,44;32,07;23,76;169,60;15,93;54,50;11,68;54,19;36,94;166,44;54,36;14,68;51,78;1 725,80;416,80;393,20;675,00;88,18;29,65;10,94;159,25;76,76;37,27;152,16;103,98;42,44;156,30;22,47;18,92;119,10;142,80;62,17;46,25;104,78;26,66
11.10.2023;28,56;32,19;163,30;126,32;23,20;60,24;32,39;23,76;170,05;15,91;55,04;11,68;54,65;37,05;166,52;53,58;14,73;51,94;1 751,00;427,95;396,80;686,10;87,60;29,48;11,01;160,30;73,34;37,47;152,06;103,32;42,38;157,26;22,60;18,93;119,35;139,00;61,69;46,32;105,50;26,77
10.10.2023;28,32;31,55;161,74;125,60;22,78;59,83;32,85;23,80;168,50;16,00;55,14;11,63;54,12;36,79;166,00;53,50;14,57;52,66;1 777,60;434,10;397,75;733,50;86,98;29,57;11,00;160,00;72,68;36,74;150,40;102,68;42,67;156,70;22,61;18,53;121,30;135,40;61,89;45,81;104,12;27,17
09.10.2023;27,88;30,83;158,30;123,08;22,83;59,03;32,49;23,35;164,05;16,20;54,06;11,46;52,71;35,82;163,30;52,78;14,28;52,04;1 727,80;419,65;387,05;710,70;85,64;29,14;11,00;157,15;71,52;35,42;145,86;102,58;41,59;152,60;22,36;18,00;117,10;134,00;61,39;45,02;102,22;26,58
06.10.2023;27,97;31,74;157,84;124,28;22,57;59,98;32,61;23,39;165,30;16,17;54,47;11,68;51,31;36,33;164,06;52,70;14,13;52,94;1 756,40;425,35;394,20;729,70;86,32;29,18;10,98;158,60;71,86;35,73;144,78;102,20;42,06;155,58;22,70;17,99;117,60;128,00;60,34;45,11;102,32;26,48
05.10.2023;27,32;31,26;156,64;123,52;22,77;59,20;31,85;23,18;162,70;16,06;53,52;11,42;51,91;35,25;163,00;52,14;14,14;52,18;1 731,80;421,45;391,35;720,60;85,76;28,73;10,99;159,95;70,88;35,07;143,22;102,86;40,99;154,14;22,42;17,84;114,80;128,10;59,77;44,74;101,58;26,36
04.10.2023;27,21;30,81;156,58;123,54;22,95;58,64;32,06;23,05;164,60;15,90;54,11;11,35;51,61;35,23;163,12;52,84;14,03;52,28;1 731,00;421,45;392,05;712,50;85,76;28,50;10,99;159,70;71,02;35,62;143,76;101,82;41,20;153,82;22,43;17,72;114,45;128,60;60,09;44,71;101,90;26,27
03.10.2023;27,31;30,90;156,16;124,32;23,54;58,80;32,05;23,13;160,90;16,01;54,12;11,39;51,89;35,19;162,42;52,26;14,00;52,00;1 705,60;421,65;391,85;705,30;87,18;28,59;10,78;158,90;70,04;35,95;144,80;101,56;40,36;154,66;22,43;17,81;114,00;131,10;61,28;45,00;101,16;26,16
02.10.2023;27,69;31,70;157,28;125,56;23,78;59,69;32,78;23,26;164,70;16,13;54,71;11,54;51,57;35,71;163,66;52,78;14,28;52,34;1 725,80;429,30;393,70;714,90;87,24;29,15;10,90;157,00;70,64;38,20;146,28;101,82;41,05;154,78;22,86;18,10;116,75;131,85;61,55;46,90;103,72;26,56
29.09.2023;28,18;31,94;159,84;126,98;23,86;60,43;33,14;23,51;165,80;16,29;56,88;11,69;52,26;35,30;165,16;59,28;14,53;53,50;1 729,80;431,90;393,20;716,40;87,30;29,07;10,86;157,85;71,76;38,88;148,64;101,48;40,99;156,98;23,05;18,20;119,40;133,10;62,31;46,75;105,02;27,43
28.09.2023;28,35;32,23;159,94;126,74;23,33;60,47;33,05;23,28;164,15;16,26;56,87;11,65;51,45;34,64;164,16;59,50;14,39;53,04;1 719,80;429,45;390,30;706,00;85,50;29,02;10,80;158,35;71,40;38,82;149,86;100,76;40,51;156,50;22,93;18,16;115,40;133,60;63,62;45,04;105,22;27,23
27.09.2023;28,30;32,35;158,48;124,00;23,04;60,11;33,14;23,12;165,45;16,19;56,23;11,50;51,66;34,68;162,64;58,94;14,51;54,00;1 696,60;427,25;386,70;698,70;85,04;28,92;10,82;159,45;71,00;38,35;149,48;101,68;39,82;155,32;22,89;17,85;114,20;133,20;62,93;44,90;104,42;27,62
26.09.2023;28,65;32,13;159,10;123,58;23,03;60,23;33,20;23,28;164,05;16,25;56,35;11,44;52,50;34,39;163,22;58,78;14,74;54,40;1 707,00;429,95;387,55;703,00;84,82;29,05;10,99;161,00;70,04;37,90;147,24;102,78;39,74;152,92;22,62;17,99;117,70;132,65;61,91;45,53;104,06;28,23
25.09.2023;28,62;32,33;160,26;122,96;23,34;60,42;33,40;23,36;165,65;16,23;56,23;11,45;52,41;34,95;165,78;59,36;14,84;54,74;1 732,80;439,55;391,50;713,30;85,02;29,43;10,99;162,20;70,80;38,23;147,14;102,64;40,34;155,38;22,97;18,06;119,90;132,75;62,13;46,27;104,54;28,28
22.09.2023;28,82;32,98;160,54;123,88;23,48;60,74;33,34;23,48;166,75;16,44;56,13;11,50;53,02;35,01;167,96;59,66;14,96;54,86;1 793,00;460,45;398,35;732,30;84,44;29,50;11,09;166,30;71,16;38,35;147,20;102,10;40,27;154,14;23,12;18,28;121,15;132,70;61,91;46,94;105,34;28,52
21.09.2023;29,15;33,20;160,60;125,52;23,98;61,65;33,72;23,55;168,05;16,79;56,93;11,68;53,56;34,51;169,42;59,86;14,94;55,28;1 766,60;453,60;399,70;729,30;86,00;30,16;11,29;166,45;72,00;39,18;148,04;102,50;40,38;155,00;23,49;18,16;120,35;134,50;61,88;47,98;106,18;29,21
20.09.2023;29,35;34,20;162,16;129,64;23,76;62,07;33,91;24,10;168,90;16,93;57,94;11,80;54,08;35,22;175,34;60,88;15,17;56,14;1 876,40;457,60;410,00;736,70;87,68;30,29;11,25;168,70;72,02;39,02;152,04;103,80;40,71;157,96;23,83;18,61;122,45;137,30;62,29;48,60;107,68;29,61
19.09.2023;29,31;34,40;164,82;129,28;23,76;61,11;33,60;23,66;166,50;17,03;57,23;11,65;53,56;34,67;171,86;59,24;15,29;55,12;1 845,60;456,85;400,35;736,80;87,50;30,36;11,17;168,45;72,64;38,43;151,74;102,10;40,45;155,64;23,14;18,05;121,15;139,55;63,04;47,15;106,24;29,53
18.09.2023;29,07;33,99;164,34;130,04;24,36;60,11;33,30;23,87;165,95;16,83;56,95;11,55;53,81;35,27;173,42;58,22;15,10;55,02;1 874,40;459,45;404,40;742,50;88,24;30,11;11,10;169,25;71,88;37,76;151,70;101,68;40,65;156,92;23,28;17,79;120,80;138,95;61,99;47,09;106,24;29,27
15.09.2023;29,39;34,64;168,06;131,32;23,99;61,46;33,34;24,21;170,10;16,96;57,24;11,84;53,79;35,34;175,32;59,12;15,20;55,36;1 903,60;469,10;410,00;761,20;88,38;30,27;11,06;171,90;73,38;38,15;152,42;102,80;41,34;157,44;26,47;17,88;125,00;139,50;62,37;47,20;107,48;29,57
14.09.2023;29,15;34,48;166,00;130,40;23,50;61,30;32,91;23,95;167,85;17,13;56,57;11,71;53,49;35,24;176,24;58,90;15,15;55,12;1 876,00;461,00;402,00;742,60;86,96;29,80;10,98;171,40;72,52;37,65;150,60;102,42;41,75;155,78;26,56;17,58;126,05;138,05;62,28;49,47;106,24;29,25
13.09.2023;28,58;34,84;164,36;130,52;24,01;59,89;32,11;23,80;167,05;17,08;56,21;11,54;53,20;35,25;173,92;57,52;14,90;54,30;1 836,20;461,85;397,50;729,60;86,56;29,70;10,92;171,85;73,48;37,50;148,50;101,50;41,32;153,38;26,20;17,76;124,95;139,85;61,23;48,29;104,02;28,82
12.09.2023;28,15;34,06;165,10;130,48;24,33;59,87;32,33;23,71;169,25;17,25;56,99;11,45;53,53;35,64;173,80;58,00;14,88;53,96;1 836,20;463,70;401,30;734,40;88,14;29,84;10,97;171,55;72,78;36,74;149,12;101,68;41,28;156,64;25,95;17,82;125,95;139,85;61,29;48,50;105,16;28,95
11.09.2023;27,96;34,13;166,76;133,66;24,21;59,51;32,00;24,02;170,40;17,05;57,37;11,30;54,20;36,37;174,24;58,64;14,89;54,18;1 855,60;468,15;407,15;742,20;88,14;29,89;10,92;173,40;74,06;36,54;150,08;101,82;41,08;157,40;25,72;17,37;126,50;139,35;60,74;48,83;103,58;28,92
08.09.2023;27,71;33,74;165,48;135,44;24,26;58,43;31,76;24,51;170,30;16,99;57,37;11,16;53,57;36,45;173,34;58,44;14,83;54,18;1 849,40;469,70;404,25;740,00;90,76;29,52;10,79;174,50;73,38;35,99;148,54;100,34;41,38;157,12;25,28;16,99;126,80;138,70;60,38;48,20;102,96;28,75
07.09.2023;27,53;33,44;165,62;136,42;24,90;58,57;31,54;24,60;168,20;16,67;57,28;11,21;53,22;36,41;173,36;57,78;14,66;54,60;1 834,40;462,85;398,40;724,10;90,86;29,95;10,78;174,45;71,82;36,30;148,46;99,68;41,09;156,98;25,42;16,95;125,40;137,30;59,88;48,54;102,50;28,32
06.09.2023;27,59;33,49;164,66;133,94;24,97;58,60;31,51;24,89;170,45;16,62;57,71;11,26;52,73;36,57;172,22;58,24;14,50;55,16;1 833,40;468,70;398,20;731,50;91,36;30,09;10,55;176,60;72,76;35,88;146,04;98,24;42,85;157,74;25,53;16,92;128,40;136,70;59,51;49,34;102,36;27,81
05.09.2023;27,84;33,66;163,78;134,10;24,95;59,39;31,23;24,66;172,35;16,76;57,59;11,36;52,79;36,66;174,20;58,58;14,58;55,32;1 868,20;479,80;403,85;759,10;90,26;29,78;10,38;179,10;72,66;35,34;145,70;99,03;43,49;156,72;25,68;16,91;129,00;137,15;59,90;48,98;102,10;27,87
04.09.2023;27,73;33,67;166,46;134,18;25,10;59,44;31,49;24,75;171,30;17,14;58,36;11,59;53,37;36,68;175,32;58,72;14,75;56,82;1 882,40;490,55;405,75;772,60;90,76;29,20;10,38;181,00;72,28;34,80;146,08;98,03;43,48;157,26;25,84;16,81;131,90;136,70;58,72;48,66;102,78;28,34
01.09.2023;27,85;33,54;167,22;133,86;24,53;59,59;31,83;24,81;172,00;17,29;60,25;11,65;53,76;36,47;174,18;58,48;14,82;56,64;1 885,80;488,80;405,20;775,80;90,84;29,01;10,43;181,40;72,42;35,00;146,06;98,61;43,56;157,44;26,28;16,79;129,20;135,25;58,89;48,59;102,72;28,63
31.08.2023;27,78;33,09;166,86;135,38;24,60;59,71;31,90;24,74;172,35;17,67;60,16;11,66;53,83;36,61;173,90;58,84;14,89;56,84;1 900,80;494,20;405,80;782,20;91,10;28,91;10,36;181,20;72,06;37,34;148,30;98,64;43,67;158,58;26,22;17,15;127,85;134,80;58,07;49,39;102,96;28,86
30.08.2023;27,87;33,05;166,24;133,84;24,67;59,88;31,83;24,73;171,35;17,53;59,64;11,70;53,96;36,65;174,74;58,84;14,89;56,22;1 931,40;498,30;410,10;804,00;91,28;28,90;10,37;194,30;72,82;37,22;148,88;99,20;43,67;159,86;26,37;17,17;125,20;134,05;57,94;48,76;103,48;28,39
29.08.2023;27,93;33,08;165,52;132,56;24,43;59,90;31,73;24,72;168,85;17,41;59,37;11,70;53,67;36,62;176,40;58,98;15,03;56,70;1 937,80;499,00;409,15;810,00;91,20;29,05;10,37;195,65;72,60;37,33;148,32;99,67;44,12;160,44;26,38;17,22;124,45;133,80;57,86;48,78;103,78;28,48
28.08.2023;27,71;32,86;165,30;132,24;24,08;59,50;31,62;24,69;165,60;18,24;58,98;11,57;53,78;36,19;176,12;59,30;14,84;56,64;1 917,60;494,40;405,20;798,50;90,34;28,66;10,31;194,40;72,26;37,00;147,68;99,28;43,17;158,86;26,25;16,93;124,65;134,30;57,89;47,80;103,84;28,27
25.08.2023;27,40;32,34;162,84;129,88;24,13;58,31;31,29;24,38;162,55;18,21;58,04;11,47;53,51;35,71;174,04;58,74;14,79;55,86;1 883,20;487,60;401,45;785,30;89,12;28,42;10,26;193,20;71,26;36,41;145,10;98,71;42,44;156,52;25,92;16,72;118,60;132,70;57,32;47,01;102,34;28,06
24.08.2023;27,40;32,31;162,70;129,32;24,32;58,44;31,35;24,41;163,60;18,15;58,05;11,49;53,26;35,78;173,98;58,32;14,69;55,98;1 878,40;490,00;400,35;783,70;89,08;28,48;10,24;191,80;71,20;36,38;145,24;98,13;42,51;155,90;25,94;16,56;118,30;132,35;57,17;47,56;101,54;27,87
23.08.2023;27,41;32,84;161,84;130,02;24,26;58,51;31,33;24,43;165,50;18,10;58,71;11,42;52,90;36,10;174,58;58,26;14,64;56,10;1 902,80;499,10;401,30;790,40;89,50;28,58;10,27;191,70;71,22;37,26;146,66;98,97;43,59;157,08;25,85;16,72;118,30;132,50;56,97;47,49;101,48;27,99
22.08.2023;27,33;32,70;160,88;128,94;23,60;58,55;31,37;24,32;164,25;18,25;59,29;11,46;52,63;36,00;176,56;57,74;14,70;55,14;1 885,20;501,40;396,30;790,20;89,46;28,65;10,19;191,20;70,84;37,86;145,54;99,61;43,61;155,98;25,60;16,71;115,15;131,10;57,98;46,95;101,40;27,95
21.08.2023;27,20;32,61;160,04;128,12;23,70;58,34;31,02;24,31;162,05;18,29;59,05;11,36;53,06;35,57;174,94;56,92;14,74;53,76;1 874,00;498,50;398,00;783,90;88,52;28,46;10,22;192,50;70,84;37,35;144,72;98,65;42,56;154,86;25,45;16,65;115,00;130,80;57,59;46,60;100,88;27,63
18.08.2023;27,18;32,60;160,64;126,70;24,09;58,22;31,20;24,36;160,25;18,12;59,25;11,33;53,19;35,76;173,50;56,66;14,59;53,94;1 862,60;492,60;398,20;776,90;89,06;28,47;10,26;192,55;71,00;36,66;143,42;98,00;42,15;154,32;25,31;16,35;115,60;129,45;57,01;47,20;101,00;27,59
17.08.2023;27,47;32,94;160,70;127,58;24,39;58,62;31,19;24,49;158,10;18,27;59,88;11,37;53,26;35,73;173,80;57,06;14,49;54,80;1 875,00;498,30;402,65;785,10;89,02;28,52;10,22;192,40;70,22;36,80;144,74;97,67;42,31;154,64;25,48;16,47;114,95;128,90;56,76;48,24;101,58;27,47
16.08.2023;27,41;33,22;161,56;128,68;24,27;58,48;31,34;24,99;160,95;18,07;60,92;11,43;53,73;36,97;174,90;58,08;14,50;55,74;1 927,20;506,70;407,75;802,90;90,90;28,56;10,22;195,80;70,94;37,26;146,22;96,33;43,12;158,36;25,41;16,66;115,95;131,00;56,32;49,02;102,40;27,91
15.08.2023;27,54;33,25;161,58;128,94;24,72;58,78;31,79;24,89;161,00;18,00;60,71;11,50;53,90;36,91;175,18;58,46;14,41;56,96;1 909,80;508,90;408,50;804,10;90,96;28,31;10,24;195,80;72,50;37,19;146,22;96,93;43,25;158,34;25,50;16,55;117,50;131,90;56,10;49,03;102,76;27,74
14.08.2023;27,96;33,46;162,76;130,64;24,63;59,68;31,99;25,05;162,90;18,14;61,08;11,58;54,91;37,01;176,14;59,12;14,55;57,66;1 928,40;514,00;415,50;816,20;92,04;28,48;10,32;198,25;72,88;37,50;147,66;97,61;43,54;160,04;25,61;16,90;120,35;133,30;56,58;50,02;103,48;28,16
11.08.2023;27,84;33,38;161,62;130,74;24,78;59,55;31,80;24,95;162,90;18,12;61,00;11,55;54,53;36,86;175,30;59,10;14,49;57,60;1 924,80;517,10;412,30;820,40;91,50;28,31;10,26;196,40;73,02;37,82;147,16;97,07;43,16;159,34;25,54;16,85;119,95;135,65;57,17;49,95;103,60;28,07
10.08.2023;28,17;33,85;163,14;132,04;24,74;60,30;32,34;25,10;163,75;18,20;60,89;11,59;55,06;37,59;178,16;59,32;14,64;58,96;1 960,20;528,40;419,10;834,70;91,94;28,55;10,23;200,90;73,56;38,32;148,44;97,86;44,49;160,52;25,58;17,44;125,15;136,55;57,82;51,44;104,16;28,32
09.08.2023;27,66;33,39;160,62;131,68;24,47;58,55;32,06;24,93;161,65;18,07;60,91;11,50;54,91;37,51;175,52;58,22;14,56;58,16;1 899,40;517,00;406,80;807,00;92,00;28,52;10,17;196,80;72,78;37,78;148,02;96,59;44,13;160,68;25,45;17,39;124,30;137,80;57,04;50,38;103,02;27,80
08.08.2023;27,33;33,22;159,34;130,50;24,93;57,76;31,96;24,92;160,85;18,15;60,96;11,51;54,51;37,49;174,36;57,84;14,43;57,94;1 897,00;514,60;405,30;807,20;91,60;28,78;10,09;196,05;73,18;37,65;147,30;95,48;44,39;158,98;25,12;17,56;125,30;137,40;55,16;50,28;102,60;27,79
07.08.2023;27,65;33,13;159,62;131,12;25,18;59,55;32,26;25,00;162,25;18,10;61,22;11,80;54,47;37,84;175,52;58,36;14,42;58,72;1 916,00;517,90;408,40;817,40;91,64;28,94;10,09;195,70;74,16;38,20;147,82;94,27;44,97;160,88;25,55;17,79;125,55;136,20;55,43;50,50;102,76;27,63
04.08.2023;27,46;32,86;159,02;130,80;25,25;59,29;32,34;25,03;162,30;18,16;61,31;11,86;54,20;37,78;174,84;58,02;14,44;58,92;1 927,00;514,50;411,85;816,00;91,68;28,98;10,09;195,80;73,88;38,43;146,26;93,92;45,40;160,96;25,40;17,85;128,60;134,60;55,57;50,38;101,98;27,83
03.08.2023;26,92;32,60;157,90;130,42;25,43;58,29;32,32;24,93;163,45;18,24;60,83;11,18;54,50;37,74;174,78;58,10;14,40;58,88;1 923,20;510,00;412,15;811,20;91,74;28,93;10,09;195,90;74,08;38,31;144,64;92,22;46,60;159,94;24,83;17,90;128,45;133,45;54,10;49,67;100,98;27,89
02.08.2023;27,37;33,17;159,94;131,76;25,79;57,61;31,82;25,18;167,70;18,25;61,32;11,01;55,38;38,07;175,82;58,54;14,64;59,38;1 951,00;511,00;413,95;813,50;93,00;29,50;10,21;197,65;73,90;38,80;145,86;94,87;47,91;162,12;24,00;18,04;125,40;135,30;53,11;50,32;102,40;28,89
01.08.2023;27,78;33,90;162,02;131,80;26,30;58,90;32,46;25,43;168,95;18,40;61,31;11,16;55,29;38,66;178,58;58,88;14,90;60,26;1 977,40;518,40;416,05;829,00;92,24;29,76;10,23;199,75;73,74;39,44;147,16;96,58;48,54;160,66;24,27;18,31;128,35;136,25;54,61;51,14;104,82;29,29
31.07.2023;27,97;34,29;163,36;133,98;25,68;60,02;32,57;24,98;164,85;18,19;61,48;11,29;55,53;38,89;182,94;59,08;14,91;62,58;2 016,50;523,60;423,20;848,10;91,12;29,77;10,28;200,60;73,42;39,91;150,96;97,09;48,63;162,04;24,72;18,65;131,75;135,95;55,26;51,56;106,78;29,60
28.07.2023;28,18;34,05;163,70;133,42;25,47;60,18;33,21;25,23;167,00;18,27;61,46;11,33;56,43;38,65;180,44;59,24;14,99;62,32;2 011,50;531,20;420,85;841,20;91,16;29,91;10,39;202,90;73,60;40,54;150,46;94,96;48,40;162,14;24,73;18,57;135,60;134,25;54,44;50,78;107,84;29,72
27.07.2023;28,07;33,73;161,96;131,00;25,65;59,85;31,90;25,19;179,60;18,54;61,22;11,15;56,20;38,86;178,02;58,00;15,31;62,10;1 935,20;537,40;412,65;840,30;91,58;29,57;10,48;202,80;73,34;40,32;147,70;97,75;50,46;164,38;24,55;18,14;131,40;133,65;54,32;51,12;108,38;29,78
26.07.2023;27,68;33,38;158,22;133,18;25,83;58,12;31,83;25,28;173,10;17,98;58,54;11,13;55,90;37,48;173,00;57,20;15,38;60,86;1 852,40;522,00;407,05;810,00;90,44;28,69;10,51;200,20;72,14;39,54;145,26;96,41;46,33;160,22;24,41;17,23;158,10;131,25;53,86;51,70;106,94;29,74
25.07.2023;27,75;33,69;160,40;133,02;25,22;58,59;31,82;24,56;173,10;17,47;58,79;11,17;56,76;38,05;177,28;58,64;15,37;60,90;1 897,00;531,70;409,95;854,00;91,10;28,45;10,73;201,70;71,00;39,52;144,82;97,62;46,79;163,50;24,66;16,78;158,50;132,10;54,34;51,56;107,78;29,62
24.07.2023;27,78;33,76;160,78;136,36;24,83;58,37;31,91;24,14;171,60;17,64;58,41;11,20;56,29;40,04;176,00;59,18;15,39;61,20;1 897,40;532,60;407,60;857,60;90,38;28,66;10,86;201,20;69,88;40,00;143,08;98,17;45,67;162,92;24,51;16,76;156,85;132,30;54,79;52,56;107,68;29,60
21.07.2023;27,70;33,96;160,88;134,50;25,19;58,01;31,66;23,83;174,20;17,71;58,36;11,12;56,58;40,45;178,50;58,38;15,46;61,10;1 915,00;541,30;411,15;867,90;90,50;28,36;10,76;201,80;71,18;39,32;141,72;98,61;45,71;162,58;24,00;16,51;154,30;133,50;53,99;52,90;108,02;29,70
20.07.2023;27,35;33,87;160,40;134,60;24,83;58,05;31,63;23,95;176,30;17,67;58,44;11,12;56,04;40,70;176,56;58,16;15,36;60,12;1 879,60;541,40;401,00;854,00;90,26;28,28;10,79;199,40;72,90;38,51;141,46;98,26;46,23;160,30;24,11;16,65;154,80;140,20;53,30;53,00;108,24;29,54
19.07.2023;26,64;33,83;158,22;134,36;25,16;57,96;31,34;24,09;177,95;17,45;57,87;11,12;55,55;41,37;174,88;58,26;15,06;60,88;1 882,20;530,40;406,30;850,40;90,26;28,09;10,57;199,40;71,52;38,96;139,00;95,93;46,94;157,86;23,90;16,58;156,85;138,55;52,32;52,90;106,86;29,25
18.07.2023;26,58;33,98;159,44;134,04;24,89;57,61;30,92;23,85;177,10;17,25;57,89;11,04;55,38;40,72;175,56;58,52;14,98;58,98;1 885,80;494,00;408,35;859,30;91,90;27,70;10,44;199,20;73,58;38,58;138,46;95,94;46,80;161,12;23,87;16,59;155,35;138,70;51,56;52,18;106,00;29,08
17.07.2023;26,46;33,90;159,44;133,52;24,95;56,71;30,53;23,93;174,20;17,21;57,63;10,97;55,21;40,80;175,08;58,96;14,98;58,74;1 912,20;490,25;413,95;859,00;91,40;27,21;10,51;199,80;72,42;38,22;137,00;94,16;46,81;160,44;23,82;16,61;154,30;138,10;50,96;52,16;105,52;28,94
14.07.2023;26,34;33,88;160,86;133,02;25,21;56,65;30,51;24,09;176,30;17,11;57,71;10,99;55,63;40,84;176,10;59,16;15,01;59,00;1 996,20;500,00;421,60;892,30;91,88;27,46;10,49;202,60;72,34;38,37;137,06;93,70;47,33;162,24;23,92;16,72;156,40;137,45;51,28;52,84;106,42;29,47
13.07.2023;26,67;33,96;159,96;134,60;24,98;57,01;30,39;24,03;176,20;17,28;57,70;11,00;55,51;40,82;175,06;59,08;15,08;59,24;1 964,80;501,60;418,10;877,30;91,68;27,57;10,45;201,00;72,44;38,62;138,74;93,18;47,17;161,94;24,20;16,82;157,70;138,65;52,64;53,18;105,54;29,42
12.07.2023;26,61;34,04;158,82;133,46;24,31;56,70;29,79;23,91;175,15;17,29;57,91;10,87;55,28;40,21;174,86;58,50;14,96;59,36;1 948,60;498,70;414,25;866,70;91,50;27,06;10,47;199,10;71,68;38,60;138,38;93,64;46,49;165,36;23,72;16,72;153,65;137,10;52,57;52,76;105,10;29,11
11.07.2023;25,82;33,85;155,96;132,24;23,93;56,16;29,71;23,67;171,40;17,15;56,45;10,73;55,02;39,45;171,52;58,26;14,92;57,68;1 914,20;488,25;409,05;849,30;89,88;26,33;10,43;197,85;70,94;38,06;136,22;94,37;44,41;160,60;23,54;16,33;148,85;133,10;51,99;51,24;103,70;28,79
10.07.2023;25,43;33,52;155,94;132,04;24,03;55,35;29,26;23,36;169,45;17,02;54,28;10,60;55,08;39,21;171,00;58,04;14,90;56,94;1 876,60;480,75;405,95;830,90;88,40;26,33;10,38;196,50;70,50;37,82;136,84;94,31;44,11;158,18;23,25;16,26;144,00;131,55;51,23;49,18;102,76;28,54
07.07.2023;25,35;33,35;154,78;131,10;23,54;55,12;29,37;23,41;169,45;16,89;53,68;10,59;55,26;39,06;170,98;57,94;15,09;56,74;1 862,20;477,60;402,65;825,40;87,80;26,36;10,33;196,40;70,02;37,78;134,84;93,95;43,80;156,92;23,31;16,20;145,00;131,90;51,10;49,51;102,40;28,52
06.07.2023;25,45;33,00;155,04;129,48;24,43;54,76;29,17;23,65;167,10;16,80;52,99;10,49;55,54;39,00;169,12;57,76;15,02;56,50;1 840,00;475,50;408,10;816,00;87,82;26,12;10,48;197,70;70,06;37,64;134,58;95,03;43,05;156,70;23,07;15,88;146,15;131,65;50,58;47,34;102,02;28,52
05.07.2023;26,00;33,83;160,54;132,92;24,94;57,34;30,20;24,05;175,05;16,87;54,82;10,82;56,29;39,86;173,52;59,02;15,29;58,24;1 932,60;491,40;421,80;847,50;89,36;26,74;10,59;200,50;71,44;38,86;139,64;97,96;45,37;160,72;23,94;16,15;152,60;135,55;52,70;50,12;105,06;28,79
04.07.2023;26,97;33,81;163,30;131,32;25,11;57,89;30,77;24,22;176,10;17,06;55,73;10,87;55,91;40,32;170,74;59,34;15,46;58,00;1 952,40;506,00;424,00;856,70;89,88;26,88;10,64;204,20;72,16;37,86;140,04;97,73;45,57;161,34;24,00;16,26;155,30;134,55;53,63;49,78;106,44;29,13
03.07.2023;27,22;34,01;164,42;132,62;24,93;58,43;30,72;25,00;173,50;17,40;55,89;10,93;56,40;40,09;170,50;59,50;15,37;58,24;1 957,00;504,00;423,55;854,90;89,78;27,11;10,69;201,30;71,38;38,54;141,76;98,26;45,76;163,20;24,06;16,28;155,10;136,40;53,50;48,32;106,68;29,21
30.06.2023;27,03;34,02;164,20;132,36;24,85;57,72;30,76;25,12;173,55;17,36;55,73;10,87;56,14;40,63;172,60;61,34;15,23;58,16;1 990,00;505,60;427,10;863,00;90,80;27,06;10,70;202,40;73,50;38,58;143,46;98,20;45,57;166,46;23,80;16,08;153,45;137,20;52,55;48,15;106,38;28,95
29.06.2023;26,74;33,82;163,20;130,66;24,62;56,79;30,63;24,74;169,75;17,14;55,05;10,80;55,44;39,73;168,70;60,58;15,00;56,50;1 962,00;501,30;419,70;855,00;88,78;26,83;10,75;199,75;73,26;38,27;142,26;97,78;44,61;162,98;23,55;16,01;153,85;135,35;51,93;47,04;105,62;28,68
28.06.2023;26,80;33,82;162,50;130,46;24,69;55,86;30,32;24,68;172,50;17,29;55,18;10,65;55,39;39,74;173,94;60,48;14,41;57,32;1 935,40;500,00;414,50;849,70;88,98;26,99;10,52;197,90;74,30;36,46;141,42;98,84;44,34;162,88;23,13;15,48;151,10;133,90;52,02;47,15;105,28;28,64
27.06.2023;26,76;32,99;160,68;128,92;24,75;55,67;29,90;24,51;168,80;16,78;54,43;10,60;55,25;38,98;170,18;60,28;14,37;55,90;1 915,40;505,70;407,25;839,60;87,74;26,70;10,47;197,15;73,86;36,20;139,62;97,89;43,08;161,24;23,05;15,31;148,65;131,80;52,00;46,36;104,60;28,40
26.06.2023;26,53;32,52;159,72;127,66;24,57;55,23;29,50;24,33;169,65;16,61;53,99;10,45;55,72;39,36;167,76;59,60;14,36;56,14;1 915,40;502,40;403,95;835,00;87,16;26,45;10,38;196,75;71,54;35,64;139,16;97,84;43,53;159,26;22,79;15,18;150,95;131,15;52,57;45,92;104,06;28,23
23.06.2023;26,41;32,83;158,58;126,74;24,73;54,85;29,60;24,41;169,35;16,41;54,05;10,47;56,09;39,68;167,56;59,88;14,11;56,58;1 901,40;502,20;406,40;830,10;87,02;26,26;10,37;196,75;71,04;35,67;139,48;98,60;42,64;158,10;22,70;15,13;153,15;134,65;52,05;45,60;104,00;28,18
22.06.2023;26,14;33,05;160,00;127,64;24,87;55,72;29,73;24,47;169,90;16,26;53,84;10,62;55,91;40,09;168,62;60,00;14,21;58,30;1 905,60;513,00;406,30;839,20;87,68;26,45;10,23;197,40;71,66;35,42;140,06;97,62;43,71;159,14;22,68;15,22;151,80;135,00;52,51;46,14;105,40;28,56
21.06.2023;26,26;32,98;160,88;129,78;24,91;57,04;29,86;24,68;173,00;16,30;54,24;10,82;56,25;40,33;167,90;61,24;14,25;58,56;1 921,80;511,20;408,05;838,30;88,80;26,66;10,31;196,75;72,98;35,79;141,70;98,03;43,55;160,36;23,20;15,38;155,45;136,30;53,85;46,42;106,10;28,74
20.06.2023;26,31;32,92;161,52;132,02;25,39;56,73;29,95;25,07;176,80;16,30;54,38;10,81;55,13;40,87;168,44;61,38;14,31;59,66;1 950,20;515,50;412,90;846,00;88,84;26,76;10,31;199,10;72,94;35,50;143,04;97,97;44,57;161,08;23,26;15,39;158,00;135,75;53,16;46,35;107,12;28,89
19.06.2023;26,37;32,89;161,50;131,48;25,76;56,81;30,00;24,96;178,15;16,16;55,41;10,87;54,91;41,02;170,34;61,16;14,17;60,00;1 960,60;518,80;412,45;853,40;90,96;27,21;10,32;201,10;73,90;36,88;142,90;94,49;45,00;163,12;23,34;15,75;159,60;134,15;53,81;47,09;106,06;28,68
16.06.2023;26,40;33,08;167,94;131,18;25,76;56,57;30,45;25,33;178,85;16,46;56,19;10,83;55,30;41,36;172,88;61,68;14,36;61,50;1 986,00;527,70;414,95;868,60;91,54;27,47;10,39;203,30;74,04;36,76;140,46;95,66;45,61;162,98;23,23;15,86;162,20;135,30;53,80;47,43;110,48;29,33
15.06.2023;26,58;33,30;160,30;129,90;26,19;56,29;30,30;25,22;175,05;16,32;56,17;10,84;54,66;40,82;166,48;61,98;14,22;60,36;1 950,20;516,40;409,80;843,70;91,54;27,63;10,36;202,80;73,94;36,54;138,42;94,26;45,49;164,58;23,09;15,73;160,30;132,35;53,75;46,50;108,28;28,89
14.06.2023;26,66;33,51;159,58;129,52;25,82;57,52;30,12;25,01;177,25;16,50;56,74;10,96;53,94;40,88;167,40;61,64;14,30;60,22;1 973,00;523,00;412,20;850,00;92,56;27,97;10,31;203,70;74,54;35,58;138,44;93,98;46,16;166,26;23,52;15,76;160,20;131,85;53,91;46,87;108,76;29,15
13.06.2023;26,38;33,43;158,86;130,04;25,38;56,68;29,83;24,94;174,95;16,25;56,67;10,85;53,84;41,17;167,50;61,66;14,16;59,54;1 981,80;514,90;406,35;841,90;92,88;27,90;10,29;201,90;74,06;34,23;139,28;93,93;45,63;166,24;23,26;15,55;156,70;133,35;54,16;46,84;106,74;28,84
12.06.2023;26,23;32,94;157,96;129,44;25,46;56,43;30,09;24,20;173,65;16,39;54,96;10,79;53,81;40,76;165,80;61,70;14,11;59,56;1 974,00;509,70;404,40;834,80;90,98;27,50;10,39;200,50;73,40;33,93;138,50;95,02;45,42;164,18;23,31;15,28;150,95;131,40;53,95;47,19;107,16;29,07
09.06.2023;26,52;32,70;156,60;128,42;25,33;56,07;30,33;24,11;168,40;16,45;55,82;10,83;53,62;40,18;167,82;61,34;14,23;59,82;1 916,40;504,70;402,20;820,00;89,48;27,52;10,53;198,90;71,76;33,09;136,64;95,40;44,10;163,94;23,33;15,05;145,30;130,45;54,95;46,87;106,70;28,80
08.06.2023;27,06;32,25;156,70;126,54;25,05;57,01;30,31;24,22;169,10;16,60;56,35;10,93;54,68;41,21;168,36;60,94;14,18;61,44;1 903,20;502,50;402,35;818,00;89,44;27,59;10,60;199,50;72,78;32,87;135,44;95,44;43,55;163,98;22,88;15,18;140,20;129,50;55,03;46,02;107,22;28,52
07.06.2023;27,15;31,84;156,90;126,44;24,91;56,76;30,28;24,39;169,80;16,58;56,05;10,85;55,31;41,22;167,78;60,58;14,13;62,16;1 891,40;504,80;400,45;812,70;89,34;27,18;10,69;200,00;72,74;32,52;135,36;94,95;43,09;163,82;22,61;14,95;141,95;128,70;54,79;46,00;107,68;28,49
06.06.2023;27,26;31,76;157,78;127,44;24,80;56,47;30,11;24,23;166,50;16,77;55,08;10,85;56,17;41,51;167,76;60,62;14,12;62,12;1 914,80;501,90;403,40;812,30;88,96;27,26;10,69;200,60;72,34;33,35;136,94;96,37;41,75;164,16;22,61;14,74;138,95;131,25;54,34;44,50;106,96;28,48
05.06.2023;27,18;31,41;158,24;126,72;24,93;55,92;30,26;24,11;166,65;17,35;54,42;10,83;55,95;41,43;167,22;60,78;14,08;60,62;1 918,80;501,90;405,05;814,00;88,54;27,28;10,80;199,20;69,92;33,32;137,24;95,33;41,60;164,00;22,48;14,80;138,75;132,05;54,85;44,25;106,94;28,05
02.06.2023;27,26;31,69;159,38;128,38;23,82;56,48;30,43;24,52;167,70;17,32;54,67;10,95;56,06;41,68;171,32;60,72;14,10;61,60;1 957,20;506,70;407,80;830,90;88,72;27,43;11,03;204,30;70,80;33,10;139,04;94,98;42,01;165,62;22,61;14,78;141,80;133,00;55,18;44,70;107,58;27,96
01.06.2023;26,78;31,20;158,06;125,94;23,23;54,47;30,20;24,21;167,80;17,14;52,59;10,69;55,35;41,40;166,60;60,56;14,09;61,00;1 908,60;496,20;400,15;805,80;90,00;26,71;11,18;201,20;69,96;31,51;137,50;94,21;41,77;163,20;21,69;14,38;140,80;133,00;53,79;42,43;107,02;27,74
31.05.2023;26,42;30,97;156,64;122,54;23,74;54,01;29,96;23,73;162,80;17,19;51,80;10,69;55,34;41,11;168,44;60,08;14,04;61,64;1 901,80;498,35;399,00;813,90;88,46;26,56;11,17;202,10;69,32;31,29;135,44;94,88;40,60;161,34;21,63;14,19;139,90;130,30;53,08;42,80;106,32;27,54
30.05.2023;26,97;31,43;159,58;124,44;24,17;55,29;30,17;24,31;152,40;17,41;53,25;10,73;55,72;40,75;174,98;59,36;14,06;61,36;1 953,40;513,30;404,20;836,00;89,02;27,43;11,22;204,80;70,54;32,70;137,76;94,31;40,66;164,60;22,31;14,70;143,05;132,30;53,82;43,89;107,52;27,24
29.05.2023;27,25;31,20;159,66;125,28;24,31;56,10;30,49;24,40;157,50;17,76;53,63;11,93;57,30;40,32;175,36;60,32;13,92;61,66;1 948,20;514,70;408,15;840,00;88,52;27,47;11,38;210,90;70,28;33,04;139,18;98,95;40,20;164,10;23,70;14,76;146,30;134,15;55,73;43,44;108,52;27,08
26.05.2023;27,10;31,29;159,34;125,68;23,89;56,31;30,24;24,41;157,00;17,60;53,62;11,91;57,16;40,72;176,92;60,24;13,90;61,50;1 959,20;517,70;411,00;843,50;88,34;27,54;11,39;210,30;70,18;33,23;139,06;99,40;40,68;164,00;23,84;14,76;147,00;134,05;55,76;42,94;108,36;26,96
25.05.2023;26,97;31,10;157,74;124,54;24,05;56,18;30,12;24,47;154,45;17,56;53,44;11,82;57,16;39,84;174,40;59,98;13,94;61,14;1 914,80;510,40;406,65;823,40;86,54;27,17;11,44;208,80;69,42;32,52;137,14;98,50;39,18;161,22;23,84;14,48;147,35;132,90;55,00;43,39;107,80;26,92
24.05.2023;27,16;30,97;157,84;123,80;24,47;56,04;30,45;24,74;158,65;17,83;53,31;11,83;57,52;38,98;175,04;60,94;14,25;61,84;1 886,40;513,50;404,00;817,10;85,52;27,22;11,58;210,00;70,20;32,75;136,58;100,88;39,31;157,66;23,77;14,63;156,25;133,70;56,86;43,95;108,46;26,95
23.05.2023;27,86;31,48;160,00;126,28;24,63;57,08;30,66;24,83;162,80;17,89;54,85;11,96;58,27;39,40;177,16;60,62;14,41;61,72;1 890,20;525,90;412,60;834,20;86,66;27,88;11,60;211,90;71,72;33,70;139,88;101,10;41,54;163,28;24,27;15,25;160,25;134,25;57,02;45,49;109,68;27,77
22.05.2023;27,75;32,77;162,46;128,20;24,83;57,31;30,54;24,87;165,20;17,86;55,31;11,92;58,40;39,60;180,22;60,76;14,43;60,70;2 022,50;542,00;418,75;878,20;87,84;27,94;11,50;213,40;72,14;33,65;143,36;100,30;41,84;165,44;23,36;15,31;159,30;139,95;55,92;44,16;110,30;28,18
19.05.2023;27,77;32,50;162,92;129,24;24,76;59,85;30,98;24,80;164,10;17,79;55,40;11,87;58,75;37,94;183,42;60,02;14,50;60,48;2 002,50;535,10;421,60;874,30;87,92;27,99;11,32;212,00;71,60;33,57;143,14;101,62;41,54;164,60;23,19;15,43;158,50;139,15;56,12;43,95;110,90;28,26
18.05.2023;27,75;32,63;161,30;128,80;24,51;59,64;30,69;24,40;161,75;17,60;54,44;11,81;58,45;37,48;186,38;59,62;14,50;60,18;1 983,80;544,80;417,00;872,50;86,84;27,91;11,33;211,30;71,50;33,62;143,20;99,86;41,15;162,12;22,98;15,14;157,45;140,30;55,69;43,99;110,18;27,68
17.05.2023;27,65;31,93;159,60;128,20;24,09;58,63;30,55;24,32;158,80;18,08;53,19;11,69;58,63;36,46;186,16;59,80;14,73;59,70;1 979,00;542,00;415,50;874,40;85,68;27,46;11,43;210,40;70,36;32,68;143,86;98,86;39,73;159,52;22,52;14,84;155,90;140,10;55,19;44,16;110,62;27,77
16.05.2023;27,76;31,59;159,54;126,24;24,42;58,43;30,59;24,65;160,70;18,24;52,94;11,73;59,19;36,50;186,56;59,70;14,81;60,42;1 976,00;546,50;419,55;876,00;85,60;28,57;11,52;213,30;69,52;32,63;142,40;100,34;39,50;158,38;22,08;14,69;156,60;139,45;55,14;44,42;109,70;27,87
15.05.2023;27,60;31,48;160,56;123,06;24,30;58,64;31,77;24,72;162,55;18,24;54,09;11,68;59,10;36,76;184,76;59,06;14,78;60,50;1 979,20;551,40;421,20;881,10;86,24;29,23;11,56;214,10;69,38;33,41;139,64;99,68;38,78;158,46;22,28;14,89;160,10;139,15;55,88;44,93;109,22;27,92
12.05.2023;26,95;31,26;163,70;122,80;24,04;58,49;31,61;24,94;163,35;18,30;53,51;11,72;59,09;36,46;186,14;59,04;14,87;60,00;1 975,40;545,40;421,10;885,40;86,30;29,05;11,56;214,10;69,76;33,56;140,00;99,30;38,98;158,16;22,06;14,94;158,75;138,50;55,76;44,54;109,24;27,71
11.05.2023;26,93;32,23;162,72;121,32;24,71;57,35;31,55;25,42;160,30;18,34;53,05;11,55;59,02;36,23;185,70;58,60;14,79;60,60;1 988,80;544,90;423,70;887,60;85,82;28,55;11,57;215,00;70,18;33,33;139,48;99,16;38,25;157,12;21,80;14,92;154,15;136,10;54,87;45,23;108,68;27,84
10.05.2023;27,16;32,15;162,00;121,70;25,23;57,92;31,98;25,68;163,45;18,07;52,84;11,71;58,21;36,21;184,18;58,46;14,69;61,38;1 959,80;541,50;417,20;872,30;85,08;29,17;11,63;213,10;69,54;33,03;138,98;98,81;39,14;155,56;21,91;14,97;154,95;137,65;55,59;45,80;109,38;27,87
09.05.2023;27,55;32,66;163,50;121,62;25,14;58,42;32,13;25,78;162,00;18,16;52,63;11,14;58,81;35,61;183,08;58,88;14,73;62,30;1 988,20;549,20;422,70;880,40;85,64;29,37;11,71;214,60;69,92;32,63;137,50;100,84;38,64;155,40;21,66;14,93;159,00;138,20;55,45;45,29;109,80;27,63
08.05.2023;27,66;32,15;163,36;121,26;24,63;58,29;32,10;25,85;164,70;17,97;52,47;11,14;60,48;36,27;184,42;58,54;14,67;64,98;2 009,50;564,50;428,30;884,50;85,48;29,41;11,65;216,90;70,28;32,69;137,44;100,26;38,71;158,80;21,62;14,81;156,00;136,65;56,20;46,09;109,84;28,27
05.05.2023;28,86;32,17;163,40;122,20;24,26;57,89;31,61;25,69;167,45;17,82;52,10;11,06;60,39;36,52;183,86;58,46;14,55;65,00;1 993,80;561,40;424,45;876,90;85,18;29,43;11,64;214,50;70,42;32,80;137,70;101,56;38,57;158,64;21,62;14,72;160,90;136,35;56,13;45,51;109,08;28,34
04.05.2023;28,15;31,76;162,74;122,10;25,65;55,94;31,22;25,56;162,10;17,53;50,80;10,74;60,34;36,72;182,82;58,48;14,61;63,82;1 980,20;558,50;421,20;873,70;84,34;28,86;11,67;214,90;68,22;31,40;137,30;99,15;37,58;156,04;21,00;14,36;163,25;136,75;54,66;44,46;108,58;27,87
03.05.2023;28,80;31,84;162,80;124,40;25,37;56,29;31,35;25,92;166,25;18,11;51,43;10,87;60,42;37,16;182,78;58,68;14,43;63,26;1 994,20;566,60;428,70;879,20;85,80;28,93;11,72;212,30;72,36;32,36;139,58;97,91;38,48;157,86;21,44;14,46;176,00;139,80;54,63;46,11;109,58;28,62
02.05.2023;28,84;31,97;161,96;125,36;25,71;56,96;32,70;25,86;164,35;18,57;51,32;10,95;60,08;36,51;180,24;58,32;14,37;62,40;1 953,60;562,80;430,75;868,70;85,36;28,75;11,63;211,40;73,16;32,99;138,86;97,17;39,16;156,02;21,63;14,73;182,10;138,50;55,00;47,12;108,74;28,46
28.04.2023;29,57;32,12;163,18;127,14;25,60;58,59;33,20;26,14;164,90;18,86;52,42;11,08;59,99;36,67;179,40;58,92;14,52;63,26;1 966,80;579,70;432,75;871,00;85,70;28,83;11,82;209,40;74,12;33,63;140,94;100,00;38,57;157,82;22,03;14,99;180,80;138,40;57,94;48,54;112,20;28,69
27.04.2023;29,46;31,29;162,38;125,54;25,38;58,74;32,79;26,06;162,85;18,88;51,09;11,06;59,46;35,76;180,18;58,70;15,41;63,10;1 974,40;579,80;433,75;877,10;84,58;28,30;11,80;215,00;73,82;33,04;140,10;101,82;38,61;157,84;21,96;14,75;180,70;138,45;56,87;48,02;111,14;28,67
26.04.2023;29,27;31,45;160,78;124,08;25,03;57,61;32,74;25,95;161,30;18,83;50,45;10,92;60,35;34,89;182,64;58,18;15,42;61,64;1 961,60;571,80;427,70;875,40;83,62;28,02;11,67;216,20;75,34;32,75;139,76;102,50;42,30;151,92;21,72;14,66;175,15;137,20;58,40;49,66;111,44;28,66
25.04.2023;29,29;31,63;163,28;125,90;25,35;57,73;32,02;26,21;160,90;18,44;50,68;10,81;60,44;37,44;184,84;58,40;15,43;60,44;1 992,60;585,20;432,40;889,40;85,38;27,91;11,44;217,40;74,56;33,11;142,06;104,62;41,89;155,92;21,59;14,76;203,70;140,50;57,65;48,52;108,70;28,84
24.04.2023;29,32;31,52;163,28;128,24;25,88;59,14;32,48;26,52;161,40;18,44;51,18;10,98;60,11;37,53;184,78;58,00;15,32;61,00;2 014,00;584,80;437,20;902,00;84,24;28,35;11,39;216,60;75,50;33,11;142,42;102,82;42,41;153,24;22,32;14,94;206,40;141,15;58,21;48,34;111,08;29,26
21.04.2023;29,27;31,38;162,90;127,32;26,91;58,66;32,50;26,64;161,85;18,38;51,30;10,89;59,86;37,53;186,52;58,58;15,47;61,14;2 003,50;578,00;442,60;901,10;84,12;28,38;11,54;214,60;75,70;33,32;142,46;102,88;43,21;152,60;22,24;15,95;205,30;142,05;57,70;48,75;110,26;29,40
20.04.2023;29,28;31,24;162,30;129,28;26,90;58,85;32,58;25,97;160,40;18,51;51,35;10,98;59,80;37,27;175,52;58,06;15,42;60,16;1 996,20;576,10;429,55;896,50;84,14;28,35;11,49;211,50;76,18;33,70;142,78;101,50;43,37;152,70;22,33;16,05;208,90;142,60;57,58;49,02;110,30;29,08
19.04.2023;29,28;31,56;161,68;128,52;27,38;59,60;33,15;25,87;163,90;18,85;51,86;11,02;59,46;37,48;175,62;57,68;15,44;60,80;1 964,20;572,00;422,30;885,00;84,36;29,63;11,46;210,00;76,78;36,62;142,36;101,96;45,06;152,62;22,61;16,95;210,50;141,75;58,07;49,77;110,82;29,26
18.04.2023;28,84;31,85;160,84;128,32;27,24;59,41;32,80;25,92;166,30;18,90;51,69;10,88;59,09;37,87;173,06;57,88;15,29;61,40;1 972,00;571,70;424,30;877,50;83,76;29,77;11,45;208,70;76,42;36,89;141,70;101,38;46,02;152,10;22,40;17,03;214,00;141,40;58,65;50,04;109,46;29,08
17.04.2023;28,34;31,52;160,02;128,08;26,97;58,19;32,69;25,70;162,95;18,85;51,36;10,82;59,50;37,71;171,90;57,72;15,21;61,50;1 937,80;567,90;423,15;873,60;82,96;29,66;11,38;211,50;75,30;36,55;139,90;102,48;45,74;151,38;21,94;16,98;214,00;141,45;58,73;50,46;108,70;29,10
14.04.2023;28,72;31,08;158,46;126,28;27,04;59,39;32,25;25,65;168,65;18,67;51,58;10,96;58,83;37,76;175,58;56,84;15,08;62,02;1 975,00;576,00;420,65;892,80;82,64;29,43;11,26;209,00;73,50;38,04;136,90;102,04;46,07;150,42;22,40;17,17;212,10;140,90;58,72;51,62;108,32;29,03
13.04.2023;29,07;30,98;158,76;125,92;26,81;57,54;31,68;26,15;168,75;18,64;50,80;10,71;58,92;37,82;174,70;56,80;15,21;62,46;1 945,40;568,60;424,10;883,90;81,16;29,30;11,35;208,40;73,32;37,78;138,02;101,76;46,36;148,10;21,62;16,82;214,10;141,00;58,23;49,68;109,20;29,13
12.04.2023;29,15;30,27;158,98;126,24;26,86;57,07;31,76;26,20;171,00;18,94;50,60;10,71;58,94;38,06;170,88;56,80;15,26;61,74;1 887,40;554,10;412,15;836,60;81,36;28,87;11,42;209,40;72,12;37,04;137,46;101,84;45,63;147,68;21,65;16,80;215,00;140,85;58,46;49,62;108,46;29,23
11.04.2023;28,94;30,58;158,82;126,00;25,73;56,92;31,78;26,26;170,10;18,89;50,42;10,66;59,15;37,61;169,12;56,42;15,20;62,54;1 886,20;556,90;417,15;840,70;80,42;28,57;11,43;207,90;71,10;36,97;137,00;101,50;46,44;146,46;21,56;16,77;215,10;140,30;58,45;49,27;108,38;29,16
06.04.2023;28,70;30,24;158,04;126,18;25,68;57,23;31,52;26,33;170,05;18,56;49,05;10,61;59,53;37,50;167,58;56,42;15,07;61,48;1 872,00;555,40;410,10;829,10;78,62;28,11;11,46;207,30;71,60;36,68;136,42;102,44;45,94;142,64;21,39;16,24;216,20;140,30;57,50;49,59;107,16;28,66
05.04.2023;28,27;28,79;155,26;124,38;26,14;55,83;30,82;26,31;169,05;18,40;49,38;10,47;59,49;37,46;166,90;56,32;14,93;60,84;1 909,20;565,50;423,70;844,60;78,94;27,95;11,28;209,20;70,86;36,76;134,70;101,40;45,67;142,86;21,05;16,11;215,70;136,65;57,14;48,44;105,66;28,44
04.04.2023;28,32;29,51;154,44;125,44;26,80;56,34;31,21;26,50;169,90;18,55;51,72;10,47;58,91;37,41;163,50;55,14;14,75;60,32;1 894,00;584,20;420,35;851,00;82,70;28,67;10,99;207,60;71,86;38,38;135,68;99,60;47,57;148,46;21,16;16,43;224,40;136,60;56,73;49,68;104,56;28,53
03.04.2023;28,22;29,98;153,96;125,20;27,87;55,80;31,25;26,43;169,05;18,69;52,18;10,47;57,94;37,38;163,26;54,62;14,67;61,52;1 861,00;593,70;415,45;844,10;83,82;28,23;11,00;208,60;71,72;38,36;135,48;99,64;48,38;151,18;21,30;16,67;220,90;136,45;57,56;49,43;104,30;28,39
31.03.2023;28,17;29,97;154,20;123,28;27,60;55,21;31,09;26,47;170,75;18,63;52,32;10,40;57,31;37,88;166,00;54,54;14,57;61,64;1 864,00;600,00;411,25;844,40;84,08;28,15;10,95;208,70;71,78;37,60;136,54;100,24;48,96;153,68;20,79;16,73;221,70;136,35;54,36;49,39;105,72;28,40
30.03.2023;28,29;29,75;152,70;122,24;27,23;54,53;31,09;26,52;170,50;18,26;52,16;10,37;56,59;37,28;163,85;54,88;14,56;62,44;1 841,00;594,60;405,55;827,00;83,60;28,08;10,82;206,50;72,58;37,58;136,96;99,43;48,61;153,10;20,78;16,58;223,50;136,50;54,41;49,28;105,42;28,26
29.03.2023;27,89;28,81;151,10;120,90;26,42;53,37;30,85;26,48;165,65;18,01;51,64;10,25;57,04;36,13;160,25;53,64;14,21;61,50;1 818,50;584,20;402,90;822,00;82,74;27,59;10,80;206,40;71,34;36,95;137,46;101,00;47,36;149,02;20,13;16,40;217,60;137,35;53,84;47,20;104,40;27,62
28.03.2023;27,17;28,17;150,16;118,72;26,18;51,97;30,42;26,09;162,60;17,92;50,85;10,07;56,76;36,04;158,60;53,50;13,93;61,24;1 798,50;575,40;398,10;814,20;81,64;27,42;10,85;203,80;69,36;36,62;135,04;100,00;44,51;146,08;19,75;16,24;215,00;136,75;53,51;45,98;102,72;26,85
27.03.2023;26,96;28,37;149,86;119,08;26,02;51,79;30,46;26,21;164,15;17,66;50,26;10,03;56,82;37,01;162,60;53,16;13,84;61,98;1 806,00;573,30;400,65;817,00;81,60;27,29;10,90;204,90;70,24;36,50;135,14;98,44;45,85;144,98;19,96;16,24;217,50;136,55;52,13;46,74;102,18;26,53
24.03.2023;26,64;28,08;149,60;117,40;26,44;50,47;30,32;26,05;165,70;17,49;49,30;9,94;56,27;37,20;162,10;52,54;13,57;60,44;1 787,00;580,50;398,05;813,40;80,62;26,96;10,68;207,70;68,66;35,45;133,30;97,10;45,41;142,30;19,90;15,92;209,10;135,10;51,81;46,64;101,36;26,14
23.03.2023;27,23;29,76;151,34;119,94;26,25;53,28;31,20;26,17;168,35;17,70;52,06;10,15;56,11;37,75;162,80;52,78;13,90;61,00;1 801,00;578,10;397,50;820,80;84,22;27,63;10,83;206,40;71,66;36,80;134,70;95,84;47,19;149,88;21,20;16,19;214,80;136,35;53,43;47,79;104,10;26,89
22.03.2023;27,50;29,97;151,18;121,00;26,16;54,47;31,51;26,08;167,45;17,91;52,67;10,26;56,21;37,36;163,30;53,12;13,88;61,02;1 774,00;572,00;393,80;814,90;85,56;27,80;10,82;206,50;72,68;36,99;134,84;90,86;46,39;149,38;21,71;16,19;220,50;135,20;54,43;49,48;106,72;27,08
21.03.2023;27,72;29,77;150,02;121,60;25,25;54,74;31,75;26,72;170,50;17,76;52,79;10,28;55,35;37,50;163,00;52,98;13,85;61,36;1 754,00;568,00;385,60;806,70;86,26;27,80;10,82;202,40;72,84;36,76;134,14;90,18;45,86;148,98;21,93;16,20;221,30;133,90;55,21;53,49;107,04;27,07
20.03.2023;26,61;28,80;150,48;118,60;25,00;52,56;31,24;26,31;167,40;17,56;51,47;10,06;54,86;37,72;162,35;51,86;13,57;60,66;1 760,00;556,00;386,95;804,50;85,06;27,31;10,69;200,60;71,50;35,43;130,38;89,46;45,38;147,28;21,03;15,85;223,00;132,25;53,86;53,00;104,76;26,56
17.03.2023;25,97;28,58;147,22;116,74;25,45;51,68;31,17;26,05;167,15;17,31;51,11;9,99;54,46;37,62;159,75;51,70;13,43;61,34;1 730,00;547,10;380,25;787,30;84,78;27,16;10,57;199,05;70,14;35,37;128,38;89,80;45,42;146,08;21,20;15,72;222,70;127,50;53,14;51,96;103,46;26,40
16.03.2023;26,85;29,19;149,82;119,28;25,06;52,71;31,64;26,37;169,85;17,73;52,28;10,22;55,03;38,09;161,00;51,00;13,78;61,68;1 765,00;552,90;383,70;801,70;85,30;27,46;10,72;203,20;72,24;37,22;130,92;90,23;45,27;148,88;21,24;15,90;222,10;129,15;53,31;52,58;104,68;27,09
15.03.2023;26,29;28,72;147,08;116,30;27,47;52,03;31,26;26,04;165,75;17,69;51,27;10,22;54,33;36,55;157,45;50,70;13,56;60,18;1 686,00;539,30;371,15;774,70;83,92;27,10;10,74;198,55;71,12;36,66;127,14;89,77;44,13;144,50;21,50;15,78;223,20;127,75;53,27;53,21;102,40;26,75
14.03.2023;27,72;29,81;149,40;122,18;26,97;57,88;31,79;26,24;171,55;18,32;53,46;10,78;54,55;36,81;158,95;51,70;14,07;61,42;1 734,50;565,20;377,60;800,50;86,54;28,06;10,68;199,80;73,68;38,94;133,14;88,98;45,87;152,56;24,48;16,40;223,70;132,40;56,45;55,90;107,06;27,39
13.03.2023;27,68;29,11;146,50;118,16;28,49;56,15;31,54;26,04;170,90;18,10;53,15;10,68;54,33;36,18;157,60;51,58;13,91;63,08;1 691,00;550,20;373,20;781,70;85,02;27,87;10,75;197,00;72,04;38,77;128,60;88,03;44,40;148,68;23,94;16,20;222,10;127,55;55,14;54,31;105,58;26,84
10.03.2023;29,41;30,75;148,86;121,62;29,41;60,25;32,24;26,39;176,65;18,42;55,63;11,02;55,01;36,25;159,60;53,12;14,10;63,42;1 720,00;573,60;373,80;802,60;86,12;28,91;10,88;200,10;74,52;40,52;133,44;89,55;46,26;152,32;25,53;16,88;227,50;132,20;58,04;55,36;108,24;27,49
09.03.2023;30,10;31,25;150,34;124,50;29,71;62,64;32,50;26,78;179,75;18,16;56,38;11,30;54,98;36,76;161,85;53,20;14,10;61,70;1 728,00;579,00;375,85;805,20;89,42;29,41;10,84;201,30;75,84;41,21;135,92;89,88;47,04;157,60;26,73;17,19;232,70;131,50;58,48;56,89;108,54;28,14
08.03.2023;30,17;31,58;149,02;123,98;29,42;64,00;32,71;26,67;178,55;18,15;57,04;11,44;54,49;36,90;160,65;53,16;14,13;60,42;1 730,00;579,90;376,20;810,40;89,00;29,74;10,83;199,85;76,94;42,36;134,44;89,79;46,49;155,14;27,15;17,48;236,20;127,85;58,90;59,16;108,82;28,14
07.03.2023;29,95;31,75;149,80;124,02;29,97;63,92;32,40;26,78;179,30;18,09;57,18;11,40;54,01;37,17;163,55;52,74;14,07;60,80;1 751,00;575,90;377,10;816,10;88,76;29,83;10,79;200,30;77,20;42,25;135,78;89,96;44,99;154,58;27,14;17,53;248,50;132,65;59,00;59,17;108,36;28,00
06.03.2023;30,11;31,89;148,84;123,90;30,41;64,94;32,68;26,89;181,40;18,04;57,79;11,53;53,42;37,18;165,45;52,64;14,01;62,10;1 741,50;578,90;378,25;825,00;89,16;30,44;10,87;200,50;77,28;42,46;135,78;89,18;45,82;155,56;27,44;17,58;250,90;131,55;59,30;59,38;109,20;28,35
03.03.2023;29,89;30,99;150,36;124,16;29,59;64,26;32,61;27,06;180,75;18,11;58,22;11,42;53,82;37,07;163,75;53,40;13,86;62,76;1 735,50;577,40;379,85;815,10;89,12;29,71;10,75;201,20;77,58;43,13;135,22;89,18;45,31;154,88;26,93;17,66;250,30;132,80;59,01;58,63;108,68;28,35
02.03.2023;29,67;30,54;149,56;122,90;29,09;63,37;32,62;27,04;178,15;18,13;57,25;11,30;53,66;36,49;162,85;53,70;13,76;61,30;1 728,00;571,70;378,35;804,30;88,02;29,47;10,75;201,20;76,64;42,43;133,78;89,20;44,23;153,08;26,49;17,17;245,00;133,30;59,12;57,17;107,98;27,94
01.03.2023;29,77;30,57;149,32;122,32;28,45;63,40;32,49;26,85;178,35;18,08;57,51;11,39;53,04;36,08;163,35;54,04;13,60;58,00;1 711,00;561,70;372,00;792,20;87,94;29,68;10,75;196,45;76,30;41,96;133,96;88,35;45,71;153,56;26,56;17,07;244,90;133,70;57,98;57,80;107,52;27,82
28.02.2023;29,85;31,48;150,56;124,02;28,16;66,15;32,04;27,06;177,85;18,71;56,33;11,56;53,24;36,58;164,40;53,32;13,84;66,00;1 715,50;555,00;375,10;789,00;87,60;29,74;10,79;197,70;75,24;42,47;133,96;88,89;45,43;152,12;27,32;16,53;246,00;132,20;58,57;59,94;107,84;28,31
27.02.2023;29,38;31,74;151,60;123,64;27,86;65,46;32,20;27,06;176,55;18,35;55,72;11,47;53,75;36,90;164,85;53,56;13,96;68,60;1 715,50;561,40;378,25;794,80;87,42;30,21;10,86;200,10;75,92;41,71;134,90;90,55;45,54;152,02;26,79;16,63;248,80;133,75;59,22;59,80;107,58;28,75
24.02.2023;28,41;31,73;147,74;121,94;28,15;63,89;32,12;26,83;175,95;18,26;55,93;11,35;53,77;36,91;164,75;54,02;14,02;67,50;1 677,50;553,80;372,95;777,30;86,22;29,40;10,88;198,15;75,36;40,58;133,30;89,91;44,61;149,00;26,39;16,44;250,10;133,55;58,19;58,29;105,64;28,34
23.02.2023;28,71;30,65;148,58;124,44;28,15;64,79;32,02;26,46;181,00;17,78;53,36;11,47;53,90;37,38;167,15;53,10;14,14;67,66;1 722,50;578,60;384,40;809,00;88,44;29,72;10,77;202,60;75,82;41,28;134,84;90,11;45,22;154,46;26,81;16,80;255,60;131,35;59,11;59,00;107,74;28,42
22.02.2023;27,81;30,07;149,62;122,78;28,44;63,96;31,39;26,12;179,85;17,95;53,53;11,39;54,66;37,69;174,55;53,56;14,09;68,60;1 720,50;576,90;386,25;809,50;88,34;29,60;10,88;200,70;75,52;40,59;134,14;90,15;44,60;153,70;26,75;16,22;253,70;132,20;58,40;57,10;109,14;28,34
21.02.2023;28,11;30,26;150,92;122,82;28,52;65,40;31,23;26,08;182,00;18,17;53,10;11,62;52,31;37,18;175,75;52,96;14,25;68,78;1 704,00;585,30;385,85;808,90;87,88;30,04;10,79;199,30;75,48;40,83;134,36;89,45;45,02;153,04;27,28;15,87;259,40;132,00;58,64;58,42;108,90;28,50
20.02.2023;28,29;29,98;152,08;122,84;28,26;65,50;31,42;26,14;187,20;18,21;54,32;11,69;52,26;37,41;175,35;52,32;13,59;69,30;1 714,00;591,10;380,95;813,60;88,30;30,12;10,83;198,05;75,08;41,56;134,78;89,11;45,39;156,56;27,73;16,13;254,50;129,10;58,92;59,10;109,08;28,70
17.02.2023;28,33;30,05;149,42;125,66;28,86;65,43;31,77;26,26;186,00;18,15;54,52;11,75;52,09;37,45;174,60;52,04;13,50;67,92;1 747,00;590,00;384,60;818,40;89,52;30,34;10,71;194,95;75,58;42,21;136,86;89,10;45,91;156,26;27,86;15,95;255,50;129,70;58,66;60,55;109,54;28,45
16.02.2023;28,30;30,77;148,38;124,94;28,48;65,80;31,75;26,24;188,55;18,19;53,09;11,80;51,69;38,30;175,55;52,14;13,37;68,06;1 741,00;596,70;391,60;823,30;89,18;30,17;10,62;195,80;75,14;43,57;134,10;87,85;46,54;156,00;28,00;15,90;262,60;128,80;59,94;59,98;108,60;28,55
15.02.2023;28,16;30,69;145,78;119,06;27,85;64,20;31,68;26,14;187,15;17,82;53,61;11,58;51,80;38,01;173,80;51,54;13,29;68,22;1 732,00;578,40;390,00;822,60;89,44;30,00;9,97;189,35;75,52;43,13;132,32;88,64;46,17;154,64;26,80;15,88;263,40;128,50;60,00;60,06;109,22;28,47
14.02.2023;28,22;30,13;144,44;115,98;27,12;64,38;30,86;25,93;184,95;16,42;52,78;11,56;50,67;37,86;171,40;51,24;13,24;67,50;1 712,50;561,40;387,75;810,50;87,18;29,45;9,93;187,15;74,94;42,10;129,76;88,11;45,61;151,48;26,51;15,57;257,60;127,45;59,98;60,75;107,62;28,06
13.02.2023;28,40;29,94;144,72;115,60;27,08;63,32;30,74;25,87;184,40;16,10;52,68;11,54;50,59;37,46;172,10;50,76;13,13;67,50;1 711,50;566,60;389,65;810,30;87,28;29,43;9,70;188,70;74,12;41,54;132,56;87,65;45,39;153,46;26,45;15,49;266,60;125,00;59,54;60,05;108,18;28,00
10.02.2023;28,43;29,49;142,32;113,74;27,50;63,59;30,51;25,57;183,10;16,30;52,45;11,56;50,17;37,01;168,70;50,72;13,21;67,48;1 675,00;559,50;375,60;797,60;85,80;29,31;9,69;186,60;74,08;40,90;129,98;88,70;44,93;150,02;26,25;15,40;267,70;122,00;59,35;59,83;105,08;27,70
09.02.2023;28,71;30,79;145,22;113,66;27,23;64,41;30,68;26,11;186,30;16,67;52,46;11,69;50,41;37,61;172,10;51,06;13,08;68,24;1 700,00;579,20;378,75;809,20;85,12;30,09;9,56;188,00;74,82;41,84;130,90;89,20;46,15;151,72;26,55;15,67;267,90;119,00;57,85;62,07;105,82;28,09
08.02.2023;28,52;31,01;146,64;113,30;27,48;63,85;30,56;26,26;184,70;16,57;51,68;11,22;50,44;37,78;174,20;50,94;13,09;68,28;1 690,00;567,90;375,35;800,10;81,80;29,86;9,62;187,90;74,00;40,86;130,18;88,51;45,19;148,58;26,62;15,12;269,90;118,80;56,44;61,60;104,32;28,06
07.02.2023;28,41;30,62;144,36;112,30;27,55;62,34;30,32;26,29;185,15;16,61;53,83;11,14;50,42;37,99;173,15;50,38;12,84;67,84;1 714,00;573,40;376,85;807,40;82,68;29,85;9,55;188,60;73,60;40,82;129,40;87,29;45,27;150,52;28,03;15,08;269,00;116,95;57,54;61,00;103,70;27,91
06.02.2023;28,49;30,95;143,64;115,74;28,61;60,75;30,31;26,53;185,50;17,48;54,51;11,05;50,50;38,11;175,00;50,32;13,03;71,08;1 742,50;576,00;381,95;814,20;83,78;30,03;9,57;192,25;72,80;39,12;130,76;84,91;45,12;152,06;27,56;15,06;268,80;119,00;55,66;61,20;104,50;27,75
03.02.2023;28,62;31,09;145,32;117,12;28,46;61,72;30,79;27,19;189,00;17,46;55,53;11,26;50,74;38,51;178,65;50,78;13,10;71,16;1 778,00;598,60;384,40;829,40;84,84;30,38;9,59;194,30;75,02;39,01;132,40;85,14;46,11;154,84;27,84;15,23;269,00;118,95;56,35;62,34;105,34;28,06
02.02.2023;28,83;30,80;146,70;117,76;28,32;61,60;31,02;26,86;188,35;17,55;55,34;11,19;50,52;38,51;170,75;49,08;12,91;68,98;1 740,50;592,30;377,40;809,10;83,74;30,25;9,65;191,15;70,78;39,03;132,64;86,77;45,52;152,40;27,50;15,20;273,40;118,20;55,18;62,84;105,04;27,93
01.02.2023;28,61;29,92;145,66;116,04;28,36;63,19;30,64;26,52;176,80;17,44;53,36;11,07;50,70;34,26;168,25;50,10;13,15;65,20;1 695,50;563,40;372,40;795,50;82,46;29,09;9,72;190,25;66,54;38,40;131,40;88,70;44,27;149,40;27,38;14,49;260,50;122,25;55,97;58,30;104,72;27,22
31.01.2023;28,62;29,77;146,06;114,84;28,92;62,90;30,24;26,24;173,90;17,47;52,55;11,04;50,31;34,06;167,90;49,99;13,02;65,74;1 714,50;570,50;378,05;800,00;81,72;28,96;9,72;189,90;64,74;37,24;131,80;89,67;43,11;148,32;27,28;14,39;255,00;121,40;56,98;59,17;103,64;27,18
30.01.2023;28,64;29,70;147,84;115,52;29,44;62,11;30,28;26,34;172,85;17,54;53,40;10,94;50,10;33,53;166,40;50,64;12,97;65,84;1 706,00;566,00;380,30;798,80;82,50;28,62;9,62;186,10;65,10;36,63;131,80;89,79;43,58;147,18;26,62;14,02;254,20;123,20;57,91;59,59;103,92;27,39
27.01.2023;28,64;29,86;148,26;116,62;29,23;62,03;30,25;26,46;173,00;17,52;54,19;10,96;49,53;33,69;166,15;50,02;13,00;65,68;1 697,50;557,70;378,45;801,00;82,96;28,91;9,55;184,20;64,46;38,21;132,20;89,55;43,69;147,88;26,60;14,21;253,90;121,30;58,62;59,48;105,04;27,71
26.01.2023;28,65;29,50;147,34;120,94;28,69;61,73;30,18;26,44;172,00;17,35;52,65;10,85;49,20;34,31;167,90;49,73;13,07;64,96;1 696,50;547,90;385,30;801,60;82,66;28,97;9,56;187,65;64,42;37,83;132,00;89,72;42,68;146,84;25,46;14,06;252,30;123,15;58,51;59,19;104,60;27,71
25.01.2023;28,53;29,46;146,14;120,14;28,53;60,99;30,05;26,20;171,85;17,27;52,98;10,69;49,80;34,11;171,25;49,77;13,10;63,60;1 658,00;534,20;381,25;792,30;82,30;28,87;9,61;193,15;63,50;37,27;130,30;89,91;39,45;145,90;24,99;13,92;249,00;121,20;58,39;58,60;103,68;27,59
24.01.2023;28,27;29,42;144,68;120,78;28,52;60,75;30,13;26,39;173,15;17,21;53,34;10,65;50,15;34,73;170,95;49,91;12,96;64,28;1 650,50;538,80;379,50;794,80;82,34;28,86;9,63;193,75;64,08;37,34;131,28;89,38;39,10;146,08;25,10;14,03;251,60;122,90;58,69;58,79;104,54;27,26
23.01.2023;28,04;29,14;143,64;119,22;28,30;60,20;29,81;26,42;173,55;17,34;53,48;10,58;50,31;34,42;174,10;49,57;12,61;64,50;1 643,00;537,30;383,00;788,10;81,68;28,83;9,59;195,05;62,24;37,29;131,38;89,93;39,06;145,58;24,70;14,01;249,90;121,50;59,20;58,37;102,90;26,82
20.01.2023;28,26;29,12;144,84;118,92;27,90;59,65;29,80;26,20;170,80;17,35;52,82;10,51;50,35;34,29;174,45;50,04;12,52;63,84;1 628,00;531,60;380,40;782,80;81,02;28,29;9,62;191,50;62,18;36,48;129,42;90,73;38,06;143,44;24,48;14,01;250,90;120,25;58,85;55,74;103,68;26,65
19.01.2023;27,88;28,88;144,80;116,92;28,90;58,90;29,52;26,17;172,00;17,05;53,08;10,43;50,21;34,84;170,95;50,32;12,47;64,34;1 614,50;530,00;376,60;776,60;80,56;28,86;9,57;192,30;61,82;36,50;127,22;91,25;38,05;142,98;24,22;13,91;250,00;118,00;58,34;55,85;102,38;26,48
18.01.2023;28,26;28,50;144,32;118,54;28,95;59,64;30,16;26,57;176,30;17,40;54,50;10,60;49,98;35,58;175,65;49,96;12,53;66,64;1 662,00;543,70;383,60;801,90;82,40;29,45;9,62;191,05;62,16;37,28;129,30;91,33;39,51;148,34;24,74;14,26;255,70;116,15;59,60;56,90;103,88;27,22
17.01.2023;28,06;28,03;144,68;116,32;28,54;59,49;30,09;26,70;171,25;17,49;53,80;10,57;50,08;35,84;176,75;49,72;12,47;66,06;1 658,00;555,10;387,00;797,40;82,50;29,54;9,68;196,75;62,70;38,02;127,98;91,90;38,73;148,16;24,57;14,36;251,80;116,95;59,60;57,22;102,88;27,08
16.01.2023;28,05;27,64;144,22;115,32;28,55;59,56;30,16;26,60;172,75;17,33;53,94;10,61;50,13;35,53;173,75;49,42;13,19;64,90;1 629,00;560,60;377,45;792,70;82,02;29,75;9,70;195,20;63,38;37,32;126,70;91,85;37,97;147,34;24,79;14,32;250,40;115,65;59,38;57,28;101,10;27,47
13.01.2023;27,81;28,08;142,20;116,84;28,00;59,86;29,97;26,40;170,90;16,57;53,25;10,49;49,72;35,60;173,85;49,12;13,32;64,46;1 651,00;563,60;373,90;785,30;81,58;29,31;9,92;193,90;62,54;37,14;126,54;91,18;37,86;148,38;24,70;14,22;245,50;112,85;59,73;56,76;101,38;26,86
12.01.2023;27,81;27,49;143,46;116,24;27,37;59,68;30,90;26,39;168,95;16,76;52,70;10,52;49,36;34,95;170,45;48,95;13,43;64,64;1 615,50;554,00;367,15;773,70;81,36;29,30;9,91;191,35;62,14;37,68;125,24;90,30;37,44;147,06;24,84;14,78;242,50;113,85;59,45;56,70;101,04;27,25
11.01.2023;27,33;26,67;144,50;113,90;27,21;58,60;30,53;26,33;163,55;16,78;52,04;10,43;49,78;34,97;173,15;48,55;13,30;63,40;1 620,50;543,40;367,70;772,30;80,90;28,85;9,79;190,20;61,14;37,07;123,10;90,07;37,36;146,78;24,26;14,64;233,20;113,50;58,79;54,50;99,68;26,96
10.01.2023;27,45;26,42;141,70;115,10;27,30;58,35;30,46;26,01;163,60;16,83;51,72;10,48;49,49;34,39;172,65;48,31;13,16;66,62;1 606,50;524,30;364,35;756,30;79,36;28,71;9,89;187,50;61,36;36,37;121,84;90,07;37,12;144,28;24,55;14,66;236,10;115,60;58,41;52,88;99,40;26,47
09.01.2023;27,41;25,78;142,54;117,50;26,99;59,02;30,38;26,01;166,80;16,72;52,99;10,53;49,14;34,99;175,85;48,82;13,16;69,14;1 611,00;526,50;365,85;759,60;80,82;29,24;9,89;187,85;61,68;35,59;122,14;90,44;37,28;144,82;25,07;14,55;238,00;114,60;58,32;54,34;99,75;26,80
06.01.2023;27,35;25,55;141,28;116,54;26,48;59,11;29,86;25,46;165,65;16,02;52,38;10,52;49,65;35,09;176,10;48,78;12,95;66,16;1 591,50;527,60;358,60;748,80;79,48;28,92;9,89;186,30;62,06;36,15;122,40;91,12;35,45;141,90;25,51;14,44;234,50;115,95;58,68;52,88;98,48;26,53
05.01.2023;26,75;24,99;137,60;115,20;25,69;58,61;29,50;25,24;163,70;15,73;51,37;10,40;50,57;35,11;173,95;48,25;13,35;66,14;1 548,50;518,00;354,05;728,40;78,40;28,38;9,90;184,30;61,42;35,07;118,80;90,35;34,57;139,62;25,44;14,34;232,80;113,50;57,94;52,46;97,41;25,92
04.01.2023;27,05;24,49;138,28;115,38;25,33;58,31;29,27;25,19;163,30;16,07;50,34;10,38;50,42;34,94;173,30;48,89;13,25;68,06;1 553,00;511,00;356,15;738,00;77,76;28,28;9,81;186,40;61,94;34,70;119,00;92,27;34,38;139,80;25,47;14,18;236,10;113,95;57,60;52,43;97,08;25,98
03.01.2023;26,66;23,83;134,66;114,54;25,34;56,01;28,60;24,67;159,65;15,88;48,19;10,11;49,96;34,11;170,10;50,28;13,51;66,14;1 490,00;489,10;338,40;702,80;75,90;27,63;9,53;184,45;60,42;33,19;118,00;92,33;33,53;133,90;24,57;13,81;228,30;116,05;58,98;50,88;94,84;24,78
02.01.2023;26,49;23,82;135,00;113,86;24,72;54,93;28,51;24,54;158,60;15,75;46,96;9,99;49,58;33,78;170,95;50,36;13,56;66,02;1 473,00;483,60;337,10;694,10;75,22;26,92;9,39;184,90;59,66;33,40;118,54;91,68;33,42;132,74;24,19;13,65;223,10;120,00;60,02;50,73;94,95;24,87
