Date;Orange;Danone;Patrimoine et Commerce;IDI;Lanson BCC SA;LDC;Linedata Services;Viel et Cie SA;Voyageurs du Monde SA;Caisse Regionale de Credit Agricole Mutuel Atlanti
2023-01-02;7.772793292999268;44.95497131347656;12.502052307128906;41.81206893920898;30.053895950317383;49.02169418334961;42.65011596679688;5.336091995239258;82.39060974121094;63.65804290771485
2023-01-03;7.8836669921875;45.29499053955078;12.625836372375488;41.81206893920898;30.053895950317383;49.02169418334961;42.55760192871094;5.353939056396484;83.33871459960938;64.53334045410156
2023-01-04;8.12031078338623;45.71660614013672;12.625836372375488;42.23271179199219;30.053895950317383;49.25624847412109;42.465087890625;5.353939056396484;83.43352508544922;66.39887237548828
2023-01-05;8.188985824584961;45.85261917114258;12.584575653076172;42.90574264526367;30.14665412902832;51.13267517089844;42.18753433227539;5.371785640716553;83.6231460571289;68.16715240478516
2023-01-06;8.184021949768066;45.0139045715332;12.749618530273438;43.57877731323242;29.682859420776367;51.601783752441406;42.280052185058594;5.389631748199463;84.38162994384766;68.07874298095703
2023-01-09;8.17988395690918;44.55147933959961;12.70835781097412;43.747032165527344;29.49734115600586;51.13267517089844;42.3725700378418;5.353939056396484;86.75190734863281;68.22020721435547
2023-01-10;8.18484878540039;44.87336730957031;12.790879249572754;43.91529083251953;29.03354454040528;51.36723327636719;42.55760192871094;5.389631748199463;87.13114929199219;70.11226654052734
2023-01-11;8.097969055175781;45.131778717041016;12.873401641845703;44.25180435180664;29.682859420776367;51.13267517089844;42.83515167236328;5.389631748199463;91.01839447021484;70.99640655517578
2023-01-12;8.202223777770996;44.75095748901367;13.120965957641602;44.08354949951172;29.49734115600586;50.663570404052734;43.2977294921875;5.389631748199463;91.58724975585938;70.99640655517578
2023-01-13;8.207188606262207;45.0819091796875;13.038445472717283;43.91529083251953;29.775617599487305;51.36723327636719;43.57527923583984;5.371785640716553;91.7768783569336;72.94151306152344
2023-01-16;8.025984764099121;45.45366287231445;13.24474811553955;43.747032165527344;30.14665412902832;51.601783752441406;43.48276519775391;5.44317102432251;91.96649932861328;73.82564544677734
2023-01-17;8.010262489318848;45.408329010009766;13.40979290008545;44.7565803527832;29.682859420776367;50.663570404052734;43.76031494140625;5.44317102432251;91.87168884277344;74.26771545410156
2023-01-18;7.962272644042969;45.31765365600586;13.24474811553955;44.588321685791016;29.868377685546875;51.13267517089844;43.945350646972656;5.514556884765625;92.15611267089844;75.15185546875
2023-01-19;7.920901298522949;45.52619934082031;13.20348834991455;44.588321685791016;30.14665412902832;50.663570404052734;43.76031494140625;5.514556884765625;91.96649932861328;74.70978546142578
2023-01-20;7.957307815551758;45.65314102172852;13.162227630615234;44.42006301879883;30.14665412902832;51.601783752441406;43.945350646972656;5.7108683586120605;92.06130981445312;74.26771545410156
2023-01-23;7.932485580444336;45.61687469482422;13.20348834991455;44.7565803527832;29.775617599487305;51.13267517089844;44.3154182434082;5.800100326538086;92.81979370117188;73.3747329711914
2023-01-24;7.967236995697021;45.471797943115234;13.327271461486816;44.08354949951172;30.14665412902832;51.36723327636719;44.40793228149414;5.693021774291992;92.06130981445312;72.94151306152344
2023-01-25;7.952343463897705;45.15444946289063;13.2860107421875;43.91529083251953;30.14665412902832;51.36723327636719;46.165748596191406;5.675175666809082;93.76789855957033;73.20675659179688
2023-01-26;7.906835079193115;44.61042022705078;13.327271461486816;43.91529083251953;29.96113586425781;51.601783752441406;45.14806365966797;5.853639602661133;94.3367691040039;73.48967742919922
2023-01-27;7.898560047149658;44.90510177612305;13.616097450256348;44.08354949951172;29.775617599487305;51.601783752441406;45.14806365966797;5.764407157897949;93.19903564453124;75.2314224243164
2023-01-30;7.956480503082275;45.42646026611328;13.574836730957031;44.42006301879883;29.49734115600586;51.13267517089844;44.870513916015625;5.853639602661133;95.0004425048828;77.36219787597656
2023-01-31;8.04418659210205;45.61687469482422;13.616097450256348;44.42006301879883;29.868377685546875;51.36723327636719;44.68548202514648;5.800100326538086;95.19007110595705;75.24026489257812
2023-02-01;8.04004955291748;45.97049331665039;13.327271461486816;44.92483901977539;29.682859420776367;50.89812088012695;44.77799987792969;5.853639602661133;95.7589340209961;74.26771545410156
2023-02-02;7.98295783996582;45.80728149414063;13.616097450256348;44.588321685791016;29.775617599487305;50.89812088012695;44.68548202514648;5.728714942932129;94.3367691040039;72.49943542480469
2023-02-03;7.935794353485107;46.00676345825195;13.40979290008545;44.588321685791016;29.682859420776367;51.36723327636719;46.165748596191406;5.817946910858154;95.19007110595705;73.38357543945312
2023-02-06;7.915110111236572;45.78915023803711;13.492315292358398;44.7565803527832;30.14665412902832;51.13267517089844;45.61064529418945;5.7108683586120605;95.7589340209961;72.58785247802734
2023-02-07;7.902698993682861;45.71660614013672;13.533575057983398;44.7565803527832;30.610450744628903;50.663570404052734;44.77799987792969;5.90717887878418;97.0862808227539;71.88054656982422
2023-02-08;7.956480503082275;45.734745025634766;13.40979290008545;44.588321685791016;30.239410400390625;50.89812088012695;45.33309555053711;5.871486186981201;96.70703887939452;73.3747329711914
2023-02-09;7.910145282745361;45.70754623413086;13.451053619384766;44.588321685791016;30.332172393798828;50.89812088012695;45.703163146972656;5.853639602661133;101.2579574584961;73.38357543945312
2023-02-10;8.016054153442383;45.48992919921875;13.451053619384766;44.25180435180664;30.332172393798828;51.36723327636719;45.33309555053711;5.728714942932129;101.06832885742188;72.49943542480469
2023-02-13;8.026811599731445;45.870750427246094;13.616097450256348;44.588321685791016;30.332172393798828;50.89812088012695;44.500450134277344;5.925025463104248;100.49947357177734;72.11041259765625
2023-02-14;8.212154388427734;45.94328689575195;13.616097450256348;44.588321685791016;30.239410400390625;50.89812088012695;44.870513916015625;5.942872047424316;100.30985260009766;72.057373046875
2023-02-15;8.251042366027832;46.96787643432617;13.616097450256348;44.588321685791016;30.332172393798828;51.601783752441406;44.77799987792969;5.925025463104248;99.93061065673828;72.10157775878906
2023-02-16;8.78390121459961;46.868141174316406;13.616097450256348;44.7565803527832;30.14665412902832;51.13267517089844;44.500450134277344;5.925025463104248;100.49947357177734;72.94151306152344
2023-02-17;8.864988327026367;47.2308235168457;13.616097450256348;44.588321685791016;29.96113586425781;51.601783752441406;43.48276519775391;5.925025463104248;100.49947357177734;72.16346740722656
2023-02-20;8.957660675048828;47.38496780395508;13.574836730957031;44.42006301879883;30.14665412902832;51.601783752441406;43.2977294921875;5.871486186981201;99.93061065673828;73.02992248535156
2023-02-21;8.926218032836914;47.43030548095703;13.616097450256348;44.588321685791016;29.868377685546875;52.070892333984375;43.2977294921875;5.800100326538086;100.49947357177734;72.057373046875
2023-02-22;9.003994941711426;49.56108474731445;13.574836730957031;44.588321685791016;30.14665412902832;52.30544662475586;43.2977294921875;5.800100326538086;100.6890869140625;70.19183349609375
2023-02-23;8.914633750915527;48.87198638916016;13.616097450256348;44.7565803527832;29.96113586425781;52.070892333984375;43.2977294921875;5.782253265380859;101.06832885742188;70.20952606201172
2023-02-24;9.003994941711426;48.75410842895508;14.02870750427246;44.7565803527832;30.14665412902832;52.30544662475586;43.02018356323242;5.817946910858154;103.3437957763672;70.05036926269531
2023-02-27;8.984137535095215;48.7359733581543;14.688880920410156;44.7565803527832;30.053895950317383;52.070892333984375;42.742637634277344;5.800100326538086;105.2400131225586;70.11226654052734
2023-02-28;8.929527282714844;48.27355194091797;14.977705955505373;44.588321685791016;30.053895950317383;52.53999710083008;42.09502029418945;5.800100326538086;108.6531982421875;71.88054656982422
2023-03-01;8.893120765686035;48.09220504760742;14.936446189880373;44.588321685791016;30.053895950317383;53.47821044921875;42.280052185058594;5.800100326538086;111.87677001953124;71.88054656982422
2023-03-02;8.894776344299316;48.65436935424805;14.936446189880373;44.588321685791016;29.5900993347168;54.18186950683594;42.465087890625;5.764407157897949;109.41168975830078;71.79212951660156
2023-03-03;8.891467094421387;48.79944610595703;14.895184516906738;44.08354949951172;29.682859420776367;54.88553237915039;41.81747055053711;5.800100326538086;109.98055267333984;72.58785247802734
2023-03-06;8.995720863342285;48.43675994873047;15.349055290222168;44.588321685791016;29.5900993347168;53.94731903076172;42.00250625610352;5.817946910858154;109.03244018554688;72.85308837890625
2023-03-07;8.927873611450195;48.971717834472656;15.26653289794922;44.588321685791016;29.5900993347168;53.71276473999024;42.09502029418945;5.871486186981201;109.41168975830078;73.4808349609375
2023-03-08;8.957660675048828;49.40694427490234;15.26653289794922;44.25180435180664;29.31182289123535;53.24365615844727;41.81747055053711;5.996411323547363;109.41168975830078;74.26771545410156
2023-03-09;8.969244003295898;49.85123062133789;15.307793617248535;44.42006301879883;29.682859420776367;53.94731903076172;41.81747055053711;6.067797183990479;109.03244018554688;73.69302368164062
2023-03-10;8.999032020568848;49.87843322753906;15.390316009521484;43.91529083251953;30.332172393798828;53.47821044921875;43.02018356323242;6.103490352630615;107.32585144042967;73.38357543945312
2023-03-13;8.894776344299316;49.26187133789063;15.184011459350586;43.24225997924805;30.332172393798828;53.94731903076172;42.3725700378418;5.960718631744385;105.42962646484376;72.49943542480469
2023-03-14;8.835201263427734;49.46134948730469;15.184011459350586;44.588321685791016;30.424928665161133;53.71276473999024;41.81747055053711;6.335494041442871;105.2400131225586;71.17323303222656
2023-03-15;8.888155937194824;49.26187133789063;15.184011459350586;44.42006301879883;31.0742416381836;52.7745475769043;41.72494888305664;6.103490352630615;103.53341674804688;67.24764251708984
2023-03-16;8.869953155517578;49.89657211303711;15.225274085998535;44.08354949951172;32.37287139892578;51.13267517089844;41.6324348449707;6.121336936950684;102.9645538330078;64.551025390625
2023-03-17;8.745841026306152;49.37973785400391;15.018967628479004;43.074005126953125;32.09458923339844;50.663570404052734;41.72494888305664;6.210568904876709;102.9645538330078;67.18576049804688
2023-03-20;8.848440170288086;49.74242782592773;15.018967628479004;43.24225997924805;32.46562576293945;52.53999710083008;41.90998458862305;6.281954765319824;103.72303771972656;66.31046295166016
2023-03-21;8.951040267944336;50.18671798706055;15.018967628479004;44.25180435180664;32.46562576293945;51.13267517089844;42.00250625610352;6.317647933959961;105.2400131225586;65.73577117919922
2023-03-22;8.956005096435547;50.966495513916016;14.936446189880373;43.747032165527344;32.46562576293945;51.601783752441406;41.5399169921875;6.281954765319824;107.51547241210938;65.8683853149414
2023-03-23;8.957660675048828;50.875823974609375;15.142751693725586;43.41051483154297;32.46562576293945;54.18186950683594;41.6324348449707;6.264108657836914;110.17017364501952;66.75252532958984
2023-03-24;8.835201263427734;51.02090072631836;14.977705955505373;44.42006301879883;32.37287139892578;53.94731903076172;41.6324348449707;6.424726486206055;107.51547241210938;67.63667297363281
2023-03-27;9.01888942718506;51.51959228515625;15.142751693725586;45.09309387207031;32.28010940551758;53.47821044921875;41.72494888305664;6.496112823486328;102.58531188964844;68.51197052001953
2023-03-28;8.980828285217285;51.46518707275391;15.018967628479004;45.42961120605469;32.651145935058594;53.94731903076172;41.354888916015625;6.603190898895264;101.82682037353516;67.28301239013672
2023-03-29;8.93614673614502;51.71907424926758;15.101489067077637;45.76612854003906;33.207698822021484;53.47821044921875;41.354888916015625;6.674577236175537;99.93061065673828;68.07874298095703
2023-03-30;8.9526948928833;51.3110466003418;15.018967628479004;47.78522109985352;33.30045700073242;52.7745475769043;41.26236724853516;6.513958930969238;102.77493286132812;68.97172546386719
2023-03-31;9.061914443969728;51.96388626098633;14.812664985656738;47.78522109985352;32.55838394165039;53.00910568237305;41.26236724853516;6.674577236175537;105.2400131225586;69.0512924194336
2023-04-03;9.098321914672852;52.53511428833008;14.853924751281738;47.61695861816406;33.207698822021484;53.47821044921875;41.26236724853516;6.603190898895264;105.7140655517578;68.53848266601562
2023-04-04;9.09335708618164;53.41462707519531;14.895184516906738;47.28044891357422;32.929420471191406;53.24365615844727;41.26236724853516;6.621037483215332;107.61028289794922;68.52081298828125
2023-04-05;9.329998970031738;53.94052505493164;14.853924751281738;47.61695861816406;32.929420471191406;53.71276473999024;41.6324348449707;6.531805515289307;107.13623046875;68.08757781982422
2023-04-06;9.482244491577148;53.97679138183594;14.936446189880373;48.62650680541992;33.022178649902344;53.24365615844727;41.6324348449707;6.531805515289307;106.18812561035156;68.25556945800781
2023-04-11;9.455767631530762;53.63224411010742;14.853924751281738;48.62650680541992;33.393218994140625;54.18186950683594;41.44740295410156;6.531805515289307;106.66217803955078;68.53848266601562
2023-04-12;9.450801849365234;53.44182968139648;15.101489067077637;48.28999328613281;34.22804641723633;53.94731903076172;40.24468994140625;6.442573070526123;105.7140655517578;69.4137954711914
2023-04-13;9.391229629516602;53.4236946105957;15.060230255126951;48.79476547241211;34.970115661621094;53.71276473999024;40.79978561401367;6.442573070526123;104.76595306396484;70.28909301757812
2023-04-14;9.315106391906738;53.34209442138672;15.101489067077637;48.28999328613281;35.61943435668945;53.94731903076172;40.52223587036133;6.442573070526123;104.29190063476562;71.8274917602539
2023-04-17;9.412741661071776;53.94959259033203;15.184011459350586;48.28999328613281;35.43391418457031;53.94731903076172;40.79978561401367;6.442573070526123;107.13623046875;71.96895599365234
2023-04-18;9.470661163330078;53.57783889770508;15.225274085998535;48.12173461914063;35.80494689941406;53.94731903076172;40.89230346679688;6.47826623916626;110.4546127319336;71.61529541015625
2023-04-19;9.485554695129396;53.9133186340332;15.184011459350586;47.9534797668457;35.712188720703125;53.94731903076172;40.89230346679688;6.496112823486328;112.35082244873048;71.25279998779297
2023-04-20;9.50706672668457;54.22160720825195;15.225274085998535;47.78522109985352;36.083229064941406;52.7745475769043;41.26236724853516;6.549651622772217;116.6173095703125;71.25279998779297
2023-04-21;9.54512882232666;54.27600860595703;15.184011459350586;48.28999328613281;37.01081466674805;52.53999710083008;41.44740295410156;6.549651622772217;118.5135269165039;71.26164245605469
2023-04-24;9.425980567932127;54.502689361572266;14.853924751281738;48.28999328613281;37.10357284545898;53.71276473999024;41.26236724853516;6.621037483215332;122.30596160888672;71.09366607666016
2023-04-25;9.46238613128662;54.801902770996094;14.771403312683104;49.13128280639648;36.91805648803711;53.24365615844727;41.26236724853516;6.781655788421631;124.20217895507812;71.5180435180664
2023-04-26;9.659313201904297;54.72029876708984;14.853924751281738;48.9630241394043;36.91805648803711;52.7745475769043;41.6324348449707;6.817348480224609;120.40974426269533;71.96895599365234
2023-04-27;9.766878128051758;53.9133186340332;14.771403312683104;48.79476547241211;36.73253631591797;53.47821044921875;41.81747055053711;6.728116035461426;119.46163940429688;72.28724670410156
2023-04-28;9.776806831359863;54.39388275146485;14.688880920410156;48.62650680541992;37.19633102416992;53.47821044921875;41.81747055053711;6.781655788421631;118.03946685791016;72.09273529052734
2023-05-02;9.619596481323242;54.47548675537109;14.44131565093994;49.299537658691406;36.91805648803711;53.00910568237305;42.280052185058594;6.745962619781494;122.30596160888672;72.75584411621094
2023-05-03;9.69902801513672;54.78376388549805;14.40005588531494;48.28999328613281;36.91805648803711;52.7745475769043;42.3725700378418;6.692423343658447;122.30596160888672;72.75584411621094
2023-05-04;9.657657623291016;54.71123123168945;14.358794212341309;49.299537658691406;37.10357284545898;53.00910568237305;42.18753433227539;6.692423343658447;122.30596160888672;72.43754577636719
2023-05-05;9.629525184631348;54.75656509399414;14.317533493041992;48.79476547241211;37.01081466674805;52.53999710083008;42.55760192871094;6.674577236175537;123.25406646728516;74.26771545410156
2023-05-08;9.63614559173584;54.83816909790039;14.235010147094728;48.79476547241211;36.91805648803711;51.36723327636719;42.55760192871094;6.692423343658447;123.25406646728516;75.24910736083984
2023-05-09;9.68910026550293;55.14762115478516;14.193750381469728;48.79476547241211;37.38185119628906;50.89812088012695;42.55760192871094;6.692423343658447;123.25406646728516;75.85032653808594
2023-05-10;9.622907638549805;54.5849838256836;14.235010147094728;48.79476547241211;37.10357284545898;52.30544662475586;42.65011596679688;6.745962619781494;123.7281265258789;75.85032653808594
2023-05-11;9.569952011108398;55.34454345703125;14.193750381469728;48.79476547241211;36.268741607666016;52.7745475769043;42.65011596679688;6.799502372741699;123.25406646728516;76.4338607788086
2023-05-12;9.566641807556152;55.410186767578125;14.276269912719728;48.45824813842773;36.268741607666016;53.24365615844727;42.65011596679688;6.977967262268066;118.98757934570312;76.96239471435547
2023-05-15;9.56167697906494;55.419559478759766;14.193750381469728;48.62650680541992;37.19633102416992;53.24365615844727;42.55760192871094;7.20997142791748;119.46163940429688;76.96239471435547
2023-05-16;9.535201072692873;55.50395584106445;14.358794212341309;48.79476547241211;37.10357284545898;53.00910568237305;42.55760192871094;7.459820747375488;119.46163940429688;77.24983978271484
2023-05-17;9.455767631530762;54.97882843017578;14.40005588531494;48.45824813842773;38.05494689941406;53.24365615844727;42.742637634277344;7.352742671966553;118.03946685791016;77.426025390625
2023-05-18;9.374680519104004;54.81003952026367;14.647619247436523;48.62650680541992;38.05494689941406;53.71276473999024;43.02018356323242;7.4062819480896;118.03946685791016;81.03305053710938
2023-05-19;9.366406440734863;55.09135437011719;14.771403312683104;48.62650680541992;38.05494689941406;53.94731903076172;42.92766952514648;7.352742671966553;117.56541442871094;81.72850036621094
2023-05-22;9.515341758728027;54.76315689086914;15.018967628479004;49.242034912109375;38.53063201904297;53.94731903076172;42.92766952514648;7.370589256286621;118.03946685791016;82.8968505859375
2023-05-23;9.599739074707031;54.6412467956543;15.101489067077637;49.59376525878906;39.48200607299805;53.94731903076172;44.037864685058594;7.477668285369873;118.03946685791016;83.45320129394531
2023-05-24;9.579880714416504;53.93795394897461;15.184011459350586;48.89030456542969;38.72090911865234;53.00910568237305;43.945350646972656;7.566900253295898;118.5135269165039;83.45320129394531
2023-05-25;9.467351913452148;53.600372314453125;15.101489067077637;49.242034912109375;39.10145568847656;53.94731903076172;43.85283279418945;7.441975116729736;117.56541442871094;81.60795593261719
2023-05-26;9.424325942993164;53.600372314453125;15.184011459350586;48.89030456542969;39.577144622802734;54.41642379760742;43.85283279418945;7.745365142822266;118.98757934570312;82.52593994140625
2023-05-29;9.416050910949709;53.73165512084961;15.101489067077637;49.0661735534668;39.577144622802734;55.82374954223633;43.85283279418945;7.656132221221924;119.46163940429688;82.52593994140625
2023-05-30;9.28200912475586;52.25004959106445;15.142751693725586;49.41790008544922;39.38687133789063;55.82374954223633;43.85283279418945;7.67397928237915;119.46163940429688;83.86119842529297
2023-05-31;9.243947982788086;51.89371109008789;15.018967628479004;49.41790008544922;40.9090690612793;56.292850494384766;44.40793228149414;7.620439529418945;113.77297973632812;84.45463562011719
2023-06-01;9.24891185760498;51.90309143066406;15.184011459350586;49.242034912109375;41.670166015625;55.354637145996094;44.77799987792969;7.049352645874023;112.82487487792967;83.51811218261719
2023-06-02;9.12645435333252;52.56887435913086;15.184011459350586;49.41790008544922;42.62154006958008;55.58919143676758;46.165748596191406;7.388435363769531;115.66920471191406;85.40044403076172
2023-06-05;9.274125099182127;52.465728759765625;15.184011459350586;49.41790008544922;42.716678619384766;55.82374954223633;46.165748596191406;7.049352645874023;113.2989273071289;86.14224243164062
2023-06-06;9.174530982971191;52.67202377319336;15.101489067077637;49.0661735534668;43.85832214355469;56.05830001831055;46.25826644897461;7.20997142791748;113.77297973632812;86.60588073730469
2023-06-07;9.174530982971191;51.86558151245117;15.018967628479004;49.59376525878906;42.05071640014648;55.58919143676758;46.813358306884766;7.138585090637207;113.2989273071289;86.60588073730469
2023-06-08;9.097262382507324;51.27481460571289;15.225274085998535;49.59376525878906;40.05282974243164;54.650978088378906;46.99839401245117;7.138585090637207;114.72109985351562;85.67861938476562
2023-06-09;9.03887939453125;50.28082656860352;15.26653289794922;49.59376525878906;40.24310302734375;55.354637145996094;46.99839401245117;7.138585090637207;117.56541442871094;84.84408569335938
2023-06-12;8.92039966583252;50.4589958190918;15.26653289794922;49.59376525878906;39.86255645751953;55.58919143676758;46.99839401245117;7.049352645874023;115.66920471191406;84.38045501708984
2023-06-13;8.832826614379883;50.48712539672852;15.349055290222168;49.59376525878906;39.67228317260742;53.94731903076172;47.55349349975586;7.013659954071045;116.6173095703125;83.93537139892578
2023-06-14;8.849997520446777;50.58089828491211;15.307793617248535;49.59376525878906;40.24310302734375;55.354637145996094;47.92355728149414;7.174278259277344;116.6173095703125;83.92610168457031
2023-06-15;8.892926216125488;51.25606155395508;15.349055290222168;49.59376525878906;41.099342346191406;54.41642379760742;47.92355728149414;7.156432151794434;117.56541442871094;86.2071533203125
2023-06-16;8.918683052062988;51.856204986572266;15.184011459350586;49.94549179077149;41.28961944580078;54.41642379760742;48.29362869262695;7.085046291351318;115.66920471191406;86.23497009277344
2023-06-19;8.862018585205078;51.4904899597168;15.101489067077637;56.10074996948242;39.95769500732422;55.354637145996094;48.663692474365234;7.13171911239624;114.72109985351562;87.1622314453125
2023-06-20;8.849997520446777;51.69679260253906;15.431578636169434;57.68352890014648;37.959808349609375;54.650978088378906;49.03376007080078;7.13171911239624;115.19515228271484;88.53457641601562
2023-06-21;8.853433609008789;52.74704360961914;15.349055290222168;57.33179473876953;36.4376106262207;54.650978088378906;49.40382766723633;7.150388717651367;116.14325714111328;86.23497009277344
2023-06-22;8.78303050994873;52.42821502685547;14.936446189880373;57.15593338012695;34.72513961791992;55.354637145996094;49.5888557434082;7.150388717651367;120.51685333251952;85.45608520507812
2023-06-23;8.901512145996094;52.59700775146485;14.235010147094728;56.45247268676758;35.200828552246094;52.7745475769043;49.03376007080078;7.187726974487305;119.5449447631836;85.4931640625
2023-06-26;8.911815643310547;52.25004959106445;14.276269912719728;55.749019622802734;35.9619255065918;54.41642379760742;49.40382766723633;7.187726974487305;119.5449447631836;86.23497009277344
2023-06-27;8.985651016235352;51.80931854248047;13.863662719726562;56.45247268676758;37.57925796508789;54.18186950683594;49.95892333984375;7.075710773468018;119.5449447631836;85.50244140625
2023-06-28;9.028578758239746;51.94059753417969;14.06996726989746;56.80420303344727;37.57925796508789;54.41642379760742;50.3289909362793;7.0943803787231445;120.51685333251952;88.01531219482422
2023-06-29;9.232913970947266;51.98748779296875;14.02870750427246;56.62834167480469;37.38898468017578;54.650978088378906;50.51401901245117;7.075710773468018;119.05899047851562;88.08948516845703
2023-06-30;9.188268661499023;52.64389419555664;14.193750381469728;56.62834167480469;37.198707580566406;54.41642379760742;51.254154205322266;7.0943803787231445;119.05899047851562;87.81130981445312
2023-07-03;9.181401252746582;52.8877067565918;14.40005588531494;56.80420303344727;36.7230224609375;55.12008666992188;51.994285583496094;7.0943803787231445;118.08708190917967;86.32769775390625
2023-07-04;9.13332176208496;52.42821502685547;14.688880920410156;56.980072021484375;37.57925796508789;54.650978088378906;53.65958023071289;7.187726974487305;116.14325714111328;87.1529541015625
2023-07-05;9.093828201293944;52.78455352783203;14.936446189880373;57.15593338012695;38.15008163452149;55.12008666992188;54.37504577636719;7.150388717651367;119.05899047851562;87.1622314453125
2023-07-06;8.99767017364502;52.08126068115234;14.977705955505373;57.15593338012695;39.00632095336914;54.88553237915039;50.36846160888672;7.169057846069336;117.60112762451172;86.69860076904297
2023-07-07;8.870604515075684;51.818695068359375;15.184011459350586;57.15593338012695;38.816043853759766;55.12008666992188;52.085567474365234;7.150388717651367;116.62921142578124;86.60588073730469
2023-07-10;8.908380508422852;51.64990997314453;15.184011459350586;57.15593338012695;38.43549728393555;55.58919143676758;52.27635955810547;7.13171911239624;119.05899047851562;85.50244140625
2023-07-11;8.954741477966309;51.59364318847656;15.184011459350586;57.15593338012695;38.43549728393555;57.2310676574707;54.37504577636719;7.169057846069336;118.08708190917967;86.60588073730469
2023-07-12;8.985651016235352;51.83744812011719;15.26653289794922;56.980072021484375;38.34035873413086;58.63839340209961;56.473731994628906;7.0943803787231445;118.57303619384766;87.43113708496094
2023-07-13;8.97191333770752;52.05312347412109;15.26653289794922;56.980072021484375;38.43549728393555;58.63839340209961;57.23688888549805;7.150388717651367;119.5449447631836;88.08948516845703
2023-07-14;9.006256103515625;52.165653228759766;15.26653289794922;56.980072021484375;38.53063201904297;60.045711517333984;57.42768096923828;7.0943803787231445;119.5449447631836;88.08021545410156
2023-07-17;9.021710395812988;51.77180862426758;15.307793617248535;56.980072021484375;38.34035873413086;58.63839340209961;57.42768096923828;6.982364177703857;119.5449447631836;86.23497009277344
2023-07-18;8.963326454162598;51.93122482299805;15.184011459350586;56.980072021484375;38.05494689941406;61.453033447265625;57.42768096923828;7.0943803787231445;118.57303619384766;85.38189697265625
2023-07-19;9.078374862670898;52.090633392333984;15.307793617248535;56.980072021484375;38.05494689941406;60.045711517333984;57.42768096923828;7.057041645050049;119.05899047851562;84.00955200195312
2023-07-20;9.26210594177246;52.55012512207031;15.349055290222168;56.62834167480469;38.15008163452149;60.983924865722656;56.473731994628906;6.945024967193604;119.05899047851562;83.44392395019531
2023-07-21;9.241500854492188;53.05649566650391;15.349055290222168;56.62834167480469;38.05494689941406;60.51481628417969;56.28294372558594;6.9636945724487305;118.57303619384766;82.58157348632812
2023-07-24;9.322205543518066;52.78455352783203;15.184011459350586;57.68352890014648;37.198707580566406;61.68758773803711;56.28294372558594;6.945024967193604;118.08708190917967;82.17359161376953
2023-07-25;9.215744018554688;53.225284576416016;15.431578636169434;57.15593338012695;37.67439651489258;60.045711517333984;57.04610061645508;6.945024967193604;119.5449447631836;82.15503692626953
2023-07-26;9.026861190795898;52.41884231567383;15.475921630859377;57.68352890014648;37.67439651489258;60.045711517333984;57.04610061645508;6.926355838775635;117.60112762451172;81.80268096923828
2023-07-27;9.001105308532715;52.700157165527344;15.786325454711914;57.15593338012695;37.67439651489258;60.045711517333984;57.23688888549805;7.150388717651367;118.08708190917967;80.76415252685547
2023-07-28;8.916966438293457;52.91583633422852;15.786325454711914;57.15593338012695;37.48412322998047;59.3420524597168;56.85530853271485;7.113049983978272;120.03089904785156;80.76415252685547
2023-07-31;8.82939338684082;52.07188034057617;15.786325454711914;57.50766372680664;37.10357284545898;59.57660675048828;54.56583404541016;7.187726974487305;118.57303619384766;80.76415252685547
2023-08-01;8.779597282409668;51.84682846069336;15.697638511657717;58.035255432128906;37.10357284545898;60.983924865722656;54.56583404541016;7.299744129180908;119.05899047851562;80.76415252685547
2023-08-02;8.765860557556152;51.93122482299805;15.65329360961914;57.68352890014648;37.10357284545898;59.3420524597168;54.56583404541016;7.411760330200195;120.03089904785156;81.69141387939453
2023-08-03;8.666268348693848;51.10602188110352;15.786325454711914;57.15593338012695;37.86467361450195;60.28026580810547;54.56583404541016;7.318413734436035;118.08708190917967;81.13505554199219
2023-08-04;8.66455078125;50.82470703125;15.875012397766112;57.15593338012695;37.57925796508789;59.8111572265625;54.75662612915039;7.393091201782227;118.08708190917967;81.59868621826172
2023-08-07;8.662834167480469;51.0778923034668;15.875012397766112;57.15593338012695;37.57925796508789;59.8111572265625;54.75662612915039;7.449099540710449;118.08708190917967;82.51667022705078
2023-08-08;8.666268348693848;51.11540222167969;15.875012397766112;57.50766372680664;37.10357284545898;60.983924865722656;54.75662612915039;7.486438751220703;118.57303619384766;81.59868621826172
2023-08-09;8.7298002243042;51.4904899597168;15.786325454711914;58.386985778808594;37.10357284545898;60.51481628417969;54.947410583496094;7.467769145965576;118.57303619384766;81.59868621826172
2023-08-10;8.784748077392578;51.63115310668945;15.919357299804688;58.21111679077149;36.91329956054688;60.51481628417969;54.75662612915039;7.523777484893799;117.60112762451172;83.45320129394531
2023-08-11;8.810504913330078;51.1341552734375;15.919357299804688;57.85939407348633;37.0084342956543;60.28026580810547;54.37504577636719;7.561116695404053;117.11516571044922;82.62793731689453
2023-08-14;8.856867790222168;51.4904899597168;15.919357299804688;58.035255432128906;36.81816101074219;60.983924865722656;53.993465423583984;7.486438751220703;118.57303619384766;84.38045501708984
2023-08-15;8.795052528381348;50.54338836669922;15.697638511657717;58.035255432128906;36.91329956054688;60.983924865722656;53.61188507080078;7.486438751220703;118.57303619384766;86.79132843017578
2023-08-16;8.77787971496582;50.383975982666016;15.963700294494627;58.035255432128906;37.0084342956543;61.21847915649414;52.27635955810547;7.542446613311768;118.57303619384766;86.69860076904297
2023-08-17;8.776163101196289;49.94324493408203;15.875012397766112;57.68352890014648;36.24733352661133;62.15669250488281;51.7039909362793;7.523777484893799;118.08708190917967;85.77134704589844
2023-08-18;8.812222480773926;49.87760543823242;15.830670356750488;57.33179473876953;36.15219879150391;61.21847915649414;52.46714782714844;7.635794162750244;119.5449447631836;88.08948516845703
2023-08-21;8.771011352539062;49.75569915771485;15.919357299804688;57.50766372680664;35.676509857177734;60.28026580810547;51.89478302001953;7.654463291168213;119.5449447631836;88.92402648925781
2023-08-22;8.748687744140625;49.352481842041016;15.963700294494627;58.035255432128906;35.58137893676758;60.51481628417969;51.51319885253906;7.654463291168213;118.08708190917967;88.08948516845703
2023-08-23;8.81393814086914;49.60566711425781;15.786325454711914;58.386985778808594;35.58137893676758;60.74937057495117;50.55925369262695;7.729140281677246;118.57303619384766;89.0167465209961
2023-08-24;8.791616439819336;49.94324493408203;15.786325454711914;58.73871612548828;35.9619255065918;60.74937057495117;49.79609680175781;7.7104716300964355;118.08708190917967;89.20219421386719
2023-08-25;8.810504913330078;50.17767333984375;15.830670356750488;58.73871612548828;34.72513961791992;60.74937057495117;49.414512634277344;7.43043041229248;118.57303619384766;89.20219421386719
2023-08-28;8.85515022277832;50.43085861206055;15.697638511657717;58.73871612548828;34.91541290283203;61.80337905883789;48.0789909362793;7.169057846069336;117.60112762451172;89.19292449951172
2023-08-29;8.903228759765625;50.32771301269531;15.741981506347656;58.56284713745117;35.01055145263672;61.08473587036133;48.269775390625;7.262405395507812;118.08708190917967;89.18365478515625
2023-08-30;8.903228759765625;50.59965133666992;15.786325454711914;57.85939407348633;35.58137893676758;62.042930603027344;48.269775390625;7.243736267089844;117.60112762451172;88.27493286132812
2023-08-31;8.892926216125488;50.47774887084961;15.830670356750488;58.386985778808594;35.3911018371582;62.042930603027344;48.6513557434082;7.13171911239624;117.60112762451172;88.27493286132812
2023-09-01;8.954741477966309;50.412109375;15.697638511657717;58.386985778808594;34.72513961791992;61.80337905883789;48.460567474365234;7.225066184997559;117.60112762451172;89.20219421386719
2023-09-04;8.915249824523926;50.04639434814453;15.786325454711914;58.21111679077149;34.6300048828125;61.56383514404297;49.032936096191406;7.467769145965576;116.14325714111328;91.42761993408205
2023-09-05;8.910097122192383;49.50251388549805;15.697638511657717;58.386985778808594;33.96403884887695;60.845191955566406;49.032936096191406;7.43043041229248;113.22753143310548;91.42761993408205
2023-09-06;9.059486389160156;49.446250915527344;15.830670356750488;58.386985778808594;33.868900299072266;58.92880630493164;48.269775390625;7.505107402801514;114.1994400024414;90.50963592529295
2023-09-07;9.253520965576172;49.905738830566406;15.741981506347656;59.26631164550781;33.868900299072266;60.60564422607422;48.269775390625;7.505107402801514;113.71348571777344;90.26854705810548
2023-09-08;9.267256736755373;50.23394012451172;15.697638511657717;59.79389953613281;33.67863082885742;59.887001037597656;47.88819885253906;7.785148620605469;112.255615234375;91.33489227294922
2023-09-11;9.37200164794922;50.82470703125;15.741981506347656;58.386985778808594;34.91541290283203;59.6474494934082;47.88819885253906;7.822488307952881;112.7415771484375;91.32561492919922
2023-09-12;9.414929389953612;50.19643020629883;15.830670356750488;59.61803817749024;34.249454498291016;57.7310676574707;47.697410583496094;7.785148620605469;111.76966094970705;90.41690826416016
2023-09-13;9.377152442932127;49.88698196411133;15.786325454711914;60.145626068115234;34.53486251831055;57.7310676574707;45.312538146972656;7.822488307952881;116.62921142578124;90.32418823242188
2023-09-14;9.423513412475586;50.1589241027832;15.741981506347656;61.02494812011719;34.72513961791992;58.68925857543945;46.55266952514648;7.654463291168213;114.68539428710938;89.94400787353516
2023-09-15;9.495634078979492;50.440242767333984;15.741981506347656;61.37667846679688;35.9619255065918;58.68925857543945;45.98030090332031;7.69180154800415;112.255615234375;89.94400787353516
2023-09-18;9.52997589111328;50.4589958190918;15.076828002929688;61.02494812011719;36.05706405639648;57.49151611328125;49.79609680175781;7.7104716300964355;112.255615234375;89.93473052978516
2023-09-19;9.59007453918457;50.22456359863281;15.076828002929688;61.20081329345703;36.34247589111328;57.01242446899414;51.13161849975586;7.7478108406066895;114.1994400024414;87.19004821777344
2023-09-20;9.658757209777832;50.712181091308594;15.076828002929688;60.849082946777344;36.7230224609375;57.25196838378906;51.13161849975586;7.654463291168213;114.1994400024414;88.08021545410156
2023-09-21;9.689666748046877;50.22456359863281;14.456016540527344;60.145626068115234;37.38898468017578;56.5333251953125;51.51319885253906;7.7104716300964355;113.71348571777344;87.21786499023438
2023-09-22;9.524823188781738;49.71819305419922;14.988140106201172;59.44216537475586;37.38898468017578;54.13784790039063;53.42109680175781;7.729140281677246;114.1994400024414;87.19004821777344
2023-09-25;9.437250137329102;49.14617919921875;14.677735328674316;59.26631164550781;36.91329956054688;54.85649108886719;53.23030471801758;7.654463291168213;113.22753143310548;87.1622314453125
2023-09-26;9.437250137329102;49.23057556152344;14.54470443725586;57.85939407348633;36.532752990722656;54.85649108886719;52.84872817993164;7.635794162750244;113.22753143310548;85.50244140625
2023-09-27;9.291296005249023;48.44288635253906;14.810766220092772;57.85939407348633;35.77164840698242;56.29377746582031;51.51319885253906;7.617124080657959;111.76966094970705;84.84408569335938
2023-09-28;9.272408485412598;48.24596405029297;14.810766220092772;57.85939407348633;35.200828552246094;55.81468200683594;51.89478302001953;7.617124080657959;113.71348571777344;84.84408569335938
2023-09-29;9.32392120361328;49.00551986694336;14.899453163146973;57.33179473876953;35.9619255065918;55.57513427734375;51.51319885253906;7.67313289642334;113.71348571777344;85.77134704589844
2023-10-02;9.354829788208008;48.358489990234375;14.855109214782717;57.85939407348633;35.105690002441406;56.29377746582031;51.51319885253906;7.654463291168213;113.22753143310548;84.85336303710938
2023-10-03;9.258671760559082;48.65856170654297;14.456016540527344;57.33179473876953;34.53486251831055;54.85649108886719;51.51319885253906;7.635794162750244;113.71348571777344;84.85336303710938
2023-10-04;9.437250137329102;48.39599990844727;14.722079277038574;57.68352890014648;34.249454498291016;55.57513427734375;49.414512634277344;7.654463291168213;113.71348571777344;84.85336303710938
2023-10-05;9.43381690979004;48.67731857299805;14.722079277038574;57.85939407348633;34.439727783203125;54.61693954467773;49.60530471801758;7.654463291168213;115.65730285644533;85.77134704589844
2023-10-06;9.43038272857666;48.11468505859375;14.677735328674316;57.85939407348633;34.53486251831055;57.7310676574707;49.60530471801758;7.635794162750244;111.76966094970705;85.3077163696289
2023-10-09;9.442402839660645;49.42749786376953;14.677735328674316;57.68352890014648;34.34458541870117;58.92880630493164;48.460567474365234;7.579785346984863;106.9101104736328;83.92610168457031
2023-10-10;9.445837020874023;50.74969100952149;14.677735328674316;56.80420303344727;34.72513961791992;57.97061538696289;49.22372055053711;7.542446613311768;104.96629333496094;83.45320129394531
2023-10-11;9.452704429626465;51.24668502807617;14.677735328674316;56.80420303344727;34.72513961791992;58.68925857543945;49.032936096191406;7.7478108406066895;105.93820190429688;83.17501831054688
2023-10-12;9.394322395324709;50.81533050537109;14.722079277038574;56.45247268676758;34.6300048828125;58.68925857543945;49.032936096191406;7.7104716300964355;102.53651428222656;82.98957061767578
2023-10-13;9.478461265563965;50.63716506958008;15.165514945983888;57.15593338012695;35.105690002441406;57.49151611328125;48.6513557434082;7.69180154800415;98.16292572021484;82.06230926513672
2023-10-16;9.387454986572266;50.75906753540039;15.298544883728027;56.45247268676758;35.3911018371582;56.5333251953125;50.94083404541016;7.69180154800415;94.66404724121094;81.59868621826172
2023-10-17;9.394322395324709;51.04975891113281;15.475921630859377;57.15593338012695;35.9619255065918;56.29377746582031;50.94083404541016;7.617124080657959;95.63595581054688;81.77486419677734
2023-10-18;9.447552680969238;51.18104553222656;16.00804328918457;57.15593338012695;35.58137893676758;54.61693954467773;49.98688507080078;7.7478108406066895;100.10674285888672;81.58013916015625
2023-10-19;9.363415718078612;50.712181091308594;15.919357299804688;56.276611328125;35.29595947265625;56.054229736328125;48.460567474365234;7.7104716300964355;100.59269714355467;80.76415252685547
2023-10-20;9.303316116333008;50.730934143066406;15.919357299804688;55.04555892944336;34.820274353027344;57.25196838378906;48.6513557434082;7.729140281677246;100.59269714355467;81.67286682128906
2023-10-23;9.241500854492188;50.54338836669922;15.4315767288208;54.51797103881836;34.91541290283203;57.49151611328125;48.6513557434082;7.7478108406066895;103.02247619628906;80.76415252685547
2023-10-24;9.305033683776855;50.88096618652344;15.475921630859377;54.166236877441406;34.34458541870117;57.97061538696289;49.22372055053711;7.729140281677246;101.07865142822266;81.68213653564453
2023-10-25;9.33937644958496;51.45298385620117;15.475921630859377;53.11105346679688;34.53486251831055;57.7310676574707;50.55925369262695;7.467769145965576;97.67696380615234;80.67142486572266
2023-10-26;9.384021759033203;52.700157165527344;15.475921630859377;53.11105346679688;34.05917739868164;57.7310676574707;49.414512634277344;7.486438751220703;98.6488800048828;80.20780181884766
2023-10-27;9.452704429626465;51.73429870605469;15.520263671875;53.11105346679688;34.439727783203125;57.7310676574707;49.414512634277344;7.449099540710449;104.48033905029295;81.13505554199219
2023-10-30;9.495634078979492;52.231292724609375;15.4315767288208;54.51797103881836;34.53486251831055;58.68925857543945;49.414512634277344;7.43043041229248;98.6488800048828;80.79196166992188
2023-10-31;9.538559913635254;52.65327072143555;15.520263671875;54.34210205078125;35.200828552246094;59.407901763916016;49.414512634277344;7.411760330200195;99.62078857421876;80.97742462158203
2023-11-01;9.603811264038086;53.6097526550293;15.520263671875;54.51797103881836;34.820274353027344;61.32428741455078;49.414512634277344;7.43043041229248;100.10674285888672;80.97742462158203
2023-11-02;9.61583137512207;53.553489685058594;15.697638511657717;55.39728927612305;35.105690002441406;61.32428741455078;49.98688507080078;7.43043041229248;106.9101104736328;81.77486419677734
2023-11-03;9.56775188446045;53.49722671508789;15.741981506347656;55.749019622802734;34.72513961791992;63.24066925048828;51.13161849975586;7.467769145965576;101.56460571289062;81.78413391113281
2023-11-06;9.52997589111328;53.3003044128418;15.786325454711914;56.276611328125;34.439727783203125;63.00112533569336;49.60530471801758;7.542446613311768;105.93820190429688;81.37614440917969
2023-11-07;9.421795845031738;53.30967712402344;15.963700294494627;55.92488098144531;34.34458541870117;63.48021697998047;49.414512634277344;7.654463291168213;102.0505599975586;81.13505554199219
2023-11-08;9.416646003723145;53.365943908691406;15.963700294494627;55.04555892944336;34.439727783203125;63.48021697998047;49.60530471801758;7.59845495223999;106.42415618896484;81.13505554199219
2023-11-09;9.468158721923828;53.80667495727539;15.875012397766112;54.69383239746094;34.91541290283203;62.76157379150391;49.414512634277344;7.579785346984863;105.4522476196289;82.06230926513672
2023-11-10;9.488764762878418;53.79729461669922;16.052387237548828;55.57315444946289;36.15219879150391;63.00112533569336;49.414512634277344;7.67313289642334;105.93820190429688;79.74417114257812
2023-11-13;9.524823188781738;54.41619110107422;16.141075134277344;56.276611328125;36.4376106262207;64.19886016845703;50.55925369262695;7.67313289642334;105.93820190429688;80.67142486572266
2023-11-14;9.399474143981934;54.500587463378906;16.1854190826416;56.80420303344727;36.532752990722656;64.19886016845703;51.13161849975586;7.654463291168213;108.85393524169922;81.59868621826172
2023-11-15;9.370284080505373;53.94733428955078;16.318449020385742;57.15593338012695;35.9619255065918;65.15705108642578;51.7039909362793;7.69180154800415;111.76966094970705;80.67142486572266
2023-11-16;9.432100296020508;53.8254280090332;16.58451271057129;56.80420303344727;35.9619255065918;66.35479736328125;53.80268096923828;7.69180154800415;114.68539428710938;78.72418212890625
2023-11-17;9.509369850158691;53.95671081542969;16.761884689331055;56.10074996948242;36.15219879150391;66.83389282226562;53.80268096923828;7.729140281677246;114.68539428710938;76.02586364746094
2023-11-20;9.468158721923828;53.85355758666992;16.761884689331055;56.62834167480469;35.9619255065918;67.07344055175781;52.65793991088867;7.69180154800415;115.65730285644533;74.18062591552734
2023-11-21;9.481895446777344;54.56623077392578;16.71754264831543;56.276611328125;35.9619255065918;66.5943374633789;51.51319885253906;7.69180154800415;115.17134857177734;75.97949981689453
2023-11-22;9.516237258911133;54.90381240844727;16.761884689331055;56.80420303344727;36.05706405639648;67.07344055175781;50.36846160888672;7.729140281677246;109.3398895263672;75.44168853759766
2023-11-23;9.54886245727539;55.006961822509766;16.71754264831543;56.80420303344727;35.9619255065918;69.70846557617188;50.55925369262695;7.729140281677246;111.76966094970705;75.48805236816406
2023-11-24;9.58835792541504;55.43831634521485;16.761884689331055;56.62834167480469;37.10357284545898;68.03162384033203;50.55925369262695;7.542446613311768;113.71348571777344;76.0351333618164
2023-11-27;9.648455619812012;55.40080642700195;16.67319679260254;57.15593338012695;38.15008163452149;68.27117919921875;50.36846160888672;7.617124080657959;115.17134857177734;80.67142486572266
2023-11-28;9.705121994018556;55.37267303466797;16.49582290649414;56.980072021484375;38.34035873413086;66.83389282226562;50.36846160888672;7.542446613311768;113.71348571777344;80.20780181884766
2023-11-29;9.665627479553224;55.46644973754883;16.49582290649414;56.980072021484375;38.05494689941406;66.83389282226562;50.17767333984375;7.561116695404053;114.1994400024414;80.67142486572266
2023-11-30;9.705121994018556;55.29766082763672;16.49582290649414;57.15593338012695;37.29384994506836;67.07344055175781;50.55925369262695;7.505107402801514;114.1994400024414;80.20780181884766
2023-12-01;9.772088050842283;54.94132232666016;16.628854751586914;57.50766372680664;38.34035873413086;67.07344055175781;51.89478302001953;7.69180154800415;112.7415771484375;80.20780181884766
2023-12-04;9.80735969543457;55.128868103027344;16.71754264831543;57.33179473876953;39.10145568847656;66.83389282226562;51.7039909362793;7.654463291168213;110.7977523803711;80.21707153320312
2023-12-05;9.849686622619627;54.96945190429688;16.407135009765625;56.980072021484375;38.72090911865234;66.83389282226562;51.51319885253906;7.635794162750244;111.76966094970705;80.21707153320312
2023-12-06;9.817940711975098;55.06322479248047;16.318449020385742;57.15593338012695;39.29172897338867;66.5943374633789;51.51319885253906;7.654463291168213;109.82584381103516;79.74417114257812
2023-12-07;9.826759338378906;55.457069396972656;16.318449020385742;57.50766372680664;39.00632095336914;65.87569427490234;51.51319885253906;7.59845495223999;112.255615234375;78.79837036132812
2023-12-08;9.782670021057127;55.53208923339844;16.318449020385742;56.45247268676758;38.625770568847656;63.71976852416992;51.51319885253906;7.617124080657959;109.82584381103516;78.71491241455078
2023-12-11;9.791486740112305;55.77589797973633;16.274105072021484;56.45247268676758;38.43549728393555;62.76157379150391;51.89478302001953;7.59845495223999;112.255615234375;78.71491241455078
2023-12-12;9.840868949890137;55.84153747558594;16.407135009765625;56.62834167480469;39.00632095336914;64.6779556274414;51.51319885253906;7.579785346984863;112.255615234375;77.77838134765625
2023-12-13;9.52518367767334;55.616485595703125;16.407135009765625;57.15593338012695;38.43549728393555;66.5943374633789;51.7039909362793;7.486438751220703;113.71348571777344;75.9609603881836
2023-12-14;9.408788681030272;54.57560729980469;16.407135009765625;56.80420303344727;38.625770568847656;66.83389282226562;51.89478302001953;7.523777484893799;114.68539428710938;75.94241333007812
2023-12-15;9.311790466308594;54.36930847167969;16.5401668548584;56.45247268676758;38.53063201904297;66.11524200439453;52.085567474365234;7.374422073364258;115.65730285644533;77.88037872314453
2023-12-18;9.21655559539795;54.6412467956543;16.096729278564453;55.92488098144531;38.53063201904297;66.11524200439453;52.46714782714844;7.449099540710449;120.03089904785156;77.56510925292969
2023-12-19;9.153066635131836;54.275535583496094;16.141075134277344;55.2214241027832;38.816043853759766;66.5943374633789;51.89478302001953;7.43043041229248;122.46067810058594;75.94241333007812
2023-12-20;9.22713565826416;54.500587463378906;16.141075134277344;57.33179473876953;39.10145568847656;67.31298065185547;51.89478302001953;7.579785346984863;123.91854095458984;75.2933349609375
2023-12-21;9.211264610290527;54.66938018798828;15.875012397766112;56.980072021484375;39.29172897338867;65.39659881591797;52.085567474365234;7.59845495223999;123.43258666992188;76.05368041992188
2023-12-22;9.23419189453125;54.688133239746094;15.786325454711914;57.33179473876953;39.29172897338867;67.07344055175781;52.085567474365234;7.654463291168213;124.4044952392578;76.96239471435547
2023-12-27;9.153066635131836;54.77252960205078;15.741981506347656;58.56284713745117;38.53063201904297;67.07344055175781;51.89478302001953;7.729140281677246;123.91854095458984;77.88037872314453
2023-12-28;9.09134006500244;54.86629867553711;15.875012397766112;59.26631164550781;39.00632095336914;66.5943374633789;52.84872817993164;7.84115743637085;124.89044952392578;77.88037872314453
2023-12-29;9.08604907989502;55.02571487426758;15.697638511657717;59.26631164550781;39.00632095336914;67.07344055175781;53.03951644897461;7.934504508972168;125.37640380859376;78.67781829833984
